Date,와이지엔터테인먼트,비츠로셀,에스앤더블류,STX중공업,에이테크솔루션,에스앤에스텍,디아이,HLB,현대엘리베이,동원금속,성안,성우하이텍,동화기업,시노펙스,메디앙스,경창산업,KBI메탈,KB오토시스,홍구석유,웅진,모베이스전자,LS ELECTRIC,부방,화신,일지테크,세아베스틸지주,태경비케이,극동유화,아센디오,한올바이오파마
2022-12-02,0.008898776418242492,0.0037174721189591076,0.0,0.045263157894736845,,,,,0.011764705882352941,-0.0091324200913242,,-0.018612521150592216,,,0.030744336569579287,,,,0.01567398119122257,,,,,,-0.004073319755600814,,-0.02976190476190476,0.06973684210526315,,
2022-12-05,,,,,,,,,,-0.013824884792626729,,,-0.015822784810126583,,,,,,,,-0.024734982332155476,,,,,-0.018134715025906734,,-0.01968019680196802,,
2022-12-06,0.013745704467353952,-0.048327137546468404,,-0.042801556420233464,,0.022099447513812154,,,,,,,,,,-0.013888888888888888,,-0.006134969325153374,,,,0.0056179775280898875,,,,,-0.025518341307814992,,,0.0136986301369863
2022-12-07,,-0.00390625,,-0.03353658536585366,,,,,,,,,,,,,,-0.02345679012345679,,,,,,,-0.05788423153692615,,,,,
2022-12-08,0.02844141069397042,,0.0,0.03785488958990536,0.018223234624145785,0.02,-0.02527075812274368,,0.010033444816053512,0.034653465346534656,,0.0018115942028985507,-0.06035889070146819,0.007474429583005508,,-0.009569377990430622,0.05338078291814947,0.010113780025284451,-0.005,,0.007407407407407408,,,,,0.0,-0.026533996683250415,-0.002551020408163265,0.013086150490730643,0.07142857142857142
2022-12-09,,,,,-0.005592841163310962,,,,-0.004966887417218543,0.004784688995215311,-0.061422413793103446,-0.003616636528028933,,0.001952362358453729,0.012539184952978056,,,0.011264080100125156,,,,,,,-0.0021141649048625794,-0.018134715025906734,,0.008951406649616368,,
2022-12-12,,-0.007575757575757576,0.0,,,,,,-0.0033277870216306157,,-0.040183696900114814,,,0.013250194855806703,,,,,,,,,,-0.02609727164887307,,-0.0158311345646438,0.0642361111111111,,0.006389776357827476,0.05161290322580645
2022-12-13,0.023728813559322035,0.015267175572519083,,0.03219315895372234,0.024691358024691357,0.040740740740740744,0.00749063670411985,-0.009070818352739388,0.00667779632721202,0.004784688995215311,0.02033492822966507,0.01303538175046555,0.030575539568345324,0.016923076923076923,0.011023622047244094,0.01647058823529412,0.020905923344947737,0.018518518518518517,0.01001669449081803,0.00423728813559322,0.025925925925925925,,,,0.02564102564102564,,,0.00639386189258312,-0.015873015873015872,-0.015337423312883436
2022-12-14,,,,,-0.007667031763417305,,,,-0.009950248756218905,0.009523809523809525,,,,0.009455370650529501,0.06853582554517133,-0.016203703703703703,,0.013333333333333334,0.011570247933884297,0.012658227848101266,-0.010830324909747292,,,0.0023923444976076554,0.0125,,0.026755852842809364,0.007623888182973317,,
2022-12-15,0.028376844494892167,,,,-0.013245033112582781,-0.016544117647058824,,-0.0030764086273198463,,,,-0.024344569288389514,,,,,,,,,-0.014598540145985401,,,,,,,-0.017654476670870115,,
2022-12-16,0.03421633554083885,,,,,0.0,-0.0019011406844106464,,,,,0.0019193857965451055,,,,,,-0.01090909090909091,-0.01818181818181818,,,0.010619469026548672,,-0.045012165450121655,-0.00408997955010225,,0.015384615384615385,,,
2022-12-19,,,,,,,,,,,,,,,,,,-0.02696078431372549,,,,0.008756567425569177,,,,,,,,
2022-12-20,0.007909604519774011,0.00749063670411985,,0.03870967741935484,,,,,,,-0.0045871559633027525,-0.007889546351084813,-0.003629764065335753,,0.0,0.014527845036319613,,-0.017632241813602016,0.005110732538330494,,,,,,-0.010482180293501049,,-0.03466204506065858,0.00655307994757536,,0.0440251572327044
2022-12-21,0.07062780269058296,0.0,0.0,-0.007763975155279503,0.034360189573459717,,0.009940357852882704,0.04205030514692913,0.0034782608695652175,0.004761904761904762,,,0.0018214936247723133,0.02019047619047619,0.024193548387096774,-0.00477326968973747,,0.007692307692307693,0.006779661016949152,0.02654867256637168,0.0,,,0.0158311345646438,0.00423728813559322,-0.00267379679144385,0.010771992818671455,,0.004651162790697674,0.05120481927710843
2022-12-22,,,,,,-0.06355140186915888,,,,,,,,,,,,,,,-0.022988505747126436,,,,,-0.029490616621983913,,-0.008871989860583017,,
2022-12-23,,0.011406844106463879,,0.07044410413476264,,0.03792415169660679,0.0030303030303030303,-0.011453241517108503,,,,0.00815494393476045,,,,,,,,,,-0.008547008547008548,,,-0.020876826722338204,,-0.012939001848428836,0.01278772378516624,,0.03951367781155015
2022-12-26,,0.0037593984962406013,0.0,,0.0023612750885478157,,0.035246727089627394,0.04136288168627734,,0.011011011011011011,,0.007077856420626896,0.03435114503816794,-0.013741656851197487,0.025210084033613446,-0.0025188916876574307,0.01893939393939394,,0.001718213058419244,0.022321428571428572,,-0.008620689655172414,,0.0053475935828877,-0.006396588486140725,,,0.012626262626262626,-0.005820721769499418,-0.008771929824561403
2022-12-27,,,,,-0.016489988221436984,,,,-0.0017543859649122807,0.034653465346534656,-0.014084507042253521,,-0.07195571955719557,,,0.007575757575757576,0.01486988847583643,-0.03291139240506329,-0.005145797598627788,,0.007905138339920948,,,,,,-0.014466546112115732,-0.05361596009975062,,
2022-12-28,0.02453271028037383,,,,,0.03131115459882583,,,,,,,,,,0.0,,,,,,,,,,,,,,-0.011111111111111112
2022-12-29,0.09578107183580388,,,,-0.0173053152039555,0.04174573055028463,-0.037934668071654375,,,,,0.009625668449197862,,,,,,,,-0.012658227848101266,-0.00819672131147541,,,,,,,,,-0.011235955056179775
2023-01-02,0.030176899063475548,0.007575757575757576,0.0,-0.036390101892285295,,,0.038335158817086525,0.025064822817631807,0.015037593984962405,-0.0196078431372549,,0.011652542372881356,,0.018636171113934775,,,,,,,,,,-0.02236842105263158,0.0,,,,-0.05784061696658098,-0.019886363636363636
2023-01-03,,0.011278195488721804,,0.07099697885196375,,,0.027426160337552744,-0.010484639636336975,0.037037037037037035,-0.011,-0.0010526315789473684,0.011518324607329843,0.0050916496945010185,0.032432432432432434,0.018518518518518517,0.015748031496062992,0.008130081300813009,,0.007312614259597806,,0.016597510373443983,-0.015267175572519083,,0.0,,0.00974025974025974,0.017341040462427744,0.0,0.045020463847203276,0.02318840579710145
2023-01-04,0.006147540983606557,,,-0.05782792665726375,,-0.03052064631956912,,,0.0017857142857142857,-0.01314459049544995,0.005268703898840885,-0.014492753623188406,,,,0.007751937984496124,0.0,,,,,-0.040697674418604654,,-0.013458950201884253,,0.05144694533762058,,,0.010443864229765013,
2023-01-05,0.010183299389002037,0.01098901098901099,0.0,0.05389221556886228,-0.002244668911335578,0.016666666666666666,0.010438413361169102,0.11468941415204238,0.0142602495543672,0.005122950819672131,0.04821802935010482,0.03046218487394958,0.03005181347150259,0.013610888710968775,0.009900990099009901,,0.05241935483870968,,0.014545454545454545,-0.00411522633744856,0.02766798418972332,0.0,,0.06684856753069578,0.021611001964636542,,0.001869158878504673,0.002849002849002849,,0.0028653295128939827
2023-01-06,,0.007246376811594203,0.0,0.015625,0.01687289088863892,0.00546448087431694,0.0371900826446281,0.017665104675858814,0.03690685413005272,0.024464831804281346,0.085,0.011213047910295617,0.028169014084507043,0.015402843601895734,0.008169934640522876,0.015228426395939087,0.022988505747126436,0.010025062656641603,0.005376344086021506,0.008264462809917356,0.038461538461538464,,,0.049872122762148335,0.03076923076923077,-0.0030303030303030303,0.016791044776119403,0.032670454545454544,0.01699346405228758,0.011428571428571429
2023-01-09,,,,0.026573426573426574,,-0.018115942028985508,,,0.001694915254237288,-0.005970149253731343,0.041474654377880185,,-0.01761252446183953,0.019058732010890703,0.03403565640194489,,,0.011166253101736972,0.008912655971479501,,0.0,0.02186878727634195,,,,,,0.0,-0.0038560411311053984,
2023-01-10,0.019148936170212766,0.032846715328467155,0.0,,0.0,,0.013013013013013013,0.02113948651505336,-0.01015228426395939,0.016016016016016016,-0.004424778761061947,0.012096774193548387,0.04183266932270916,0.00916030534351145,0.003134796238244514,0.014527845036319613,,0.011042944785276074,0.01060070671378092,0.00411522633744856,0.0,0.0019455252918287938,,0.007361963190184049,0.010452961672473868,0.003003003003003003,0.029465930018416207,,,0.01729106628242075
2023-01-11,0.015657620041753653,0.0636042402826855,0.0,-0.0028169014084507044,,,0.001976284584980237,0.009549567598250359,0.0017094017094017094,,,0.013944223107569721,0.0038240917782026767,,-0.0109375,,0.01098901098901099,-0.014563106796116505,,0.0,0.03333333333333333,0.036893203883495145,,0.040194884287454324,,0.011976047904191617,,,,
2023-01-12,0.008221993833504625,,0.0,,0.018743109151047408,0.010657193605683837,,,,0.009900990099009901,0.031818181818181815,-0.005893909626719057,,-0.009231905465288036,0.00631911532385466,,-0.010869565217391304,,,0.0,0.025089605734767026,,,,,-0.008875739644970414,,0.0,0.002509410288582183,-0.034482758620689655
2023-01-13,,,0.0,-0.010899182561307902,0.008658008658008658,,,,0.011965811965811967,0.014705882352941176,,,,0.016399552739470743,0.023547880690737835,-0.004761904761904762,-0.003663003663003663,0.01097560975609756,,,,,,-0.011235955056179775,0.0,0.0,0.061619718309859156,,0.006257822277847309,
2023-01-16,,,,,,,,,,,,-0.01782178217821782,,,,-0.011961722488038277,,,,,,0.0,,,,,,,,
2023-01-17,0.032224532224532226,,,-0.015471167369901548,,,-0.007920792079207921,-0.01912979499013411,,,-0.00909090909090909,0.007056451612903226,,-0.00924898261191269,,,,,,,0.0,,,,,,,,,0.0
2023-01-18,0.059415911379657606,0.07232704402515723,0.0,-0.02857142857142857,0.007683863885839737,-0.008665511265164644,,,,,,-0.02002002002002002,,,-0.02204724409448819,,-0.0037174721189591076,-0.0024242424242424242,,,,0.00392156862745098,,,-0.022033898305084745,0.012307692307692308,,,0.007702182284980745,
2023-01-19,,,,0.029411764705882353,,,,,0.021739130434782608,0.0,0.0,,0.0,,0.05475040257648953,0.007371007371007371,0.022388059701492536,-0.001215066828675577,0.012389380530973451,,,0.001953125,,-0.012805587892898719,-0.0017331022530329288,0.00303951367781155,,0.0013812154696132596,0.016560509554140127,
2023-01-20,,-0.016265060240963854,0.0,0.002857142857142857,,0.12280701754385964,0.021696252465483234,0.0032078338679723114,0.0016366612111292963,,,,0.011695906432748537,0.003699593044765076,-0.012213740458015267,0.0,,0.023114355231143552,0.008741258741258742,0.0015444015444015444,-0.011805555555555555,,,0.003537735849056604,0.03819444444444445,,,0.005517241379310344,0.0,-0.012804878048780487
2023-01-25,,-0.04102878138395591,0.0,-0.007122507122507123,0.006224066390041493,,0.013513513513513514,0.008044429485021877,0.006535947712418301,0.004975124378109453,-0.014466546112115732,,0.03275529865125241,0.007003317360855142,0.0015455950540958269,,,0.07966706302021404,,-0.005397070161912105,-0.008432888264230498,0.003861003861003861,,,0.010033444816053512,,-0.003484320557491289,,-0.011278195488721804,
2023-01-26,0.011787819253438114,,,,0.01134020618556701,-0.04231974921630094,,,-0.00974025974025974,0.007920792079207921,0.007339449541284404,,,,,0.0023584905660377358,-0.009285714285714286,-0.04405286343612335,-0.014925373134328358,,,0.009615384615384616,,,-0.011589403973509934,0.0054611650485436895,,0.005405405405405406,0.15082382762991128,
2023-01-27,,,,,,-0.031096563011456628,,,,,0.01639344262295082,-0.005964214711729622,,-0.00178826895565093,,,,,,-0.016739446870451237,,,,,,-0.016294508147254073,-0.02992957746478873,-0.021505376344086023,,
2023-01-30,0.021653543307086614,0.0241423125794155,,0.009283819628647215,0.011213047910295617,,0.003838771593090211,-0.014579934747145187,0.0016806722689075631,0.019646365422396856,-0.024193548387096774,0.004,0.009487666034155597,0.00680759584378359,,0.01873536299765808,0.005847953216374269,0.0022471910112359553,,,,0.0210727969348659,,,,,,-0.0027472527472527475,-0.028877005347593583,-0.0006093845216331506
2023-01-31,0.0019267822736030828,0.03660049627791563,0.0,-0.03679369250985545,-0.016129032258064516,,0.015296367112810707,0.04604242110708743,,,,0.00398406374501992,0.007518796992481203,,,,,,,-0.018050541516245487,-0.0013937282229965157,,,0.013921113689095127,0.003472222222222222,,0.003629764065335753,,,
2023-02-01,,0.01615798922800718,0.0,,0.010245901639344262,0.020066889632107024,0.0018832391713747645,0.009429607649192219,-0.03150912106135987,0.011472275334608031,0.05417814508723599,0.01984126984126984,0.007462686567164179,0.017525035765379112,0.006230529595015576,0.011682242990654205,0.025179856115107913,0.002242152466367713,0.0034129692832764505,0.022058823529411766,0.013258897418004187,,,0.002288329519450801,0.0034602076124567475,,0.019891500904159132,0.010958904109589041,0.0,0.002988643156007173
2023-02-02,0.02127659574468085,,,-0.008174386920980926,0.004056795131845842,-0.036065573770491806,,,,0.000945179584120983,0.012195121951219513,,,-0.0035149384885764497,,,-0.005614035087719298,0.008948545861297539,-0.0017006802721088435,-0.0035971223021582736,0.003443526170798898,,,,,-0.0006207324643078833,,,0.08520179372197309,
2023-02-03,,-0.014101778050275904,,,,-0.01020408163265306,0.0038095238095238095,,,,0.01549053356282272,,,,,,,,,,,,,,,,,-0.008152173913043478,-0.015495867768595042,
2023-02-06,,-0.00808457711442786,0.0,,,0.02577319587628866,0.009487666034155597,0.004867753684855499,,,0.007627118644067797,,0.041044776119402986,-0.001763668430335097,-0.0015552099533437014,0.004555808656036446,,,,,,-0.016359918200409,,-0.0023094688221709007,,0.003738317757009346,0.0018450184501845018,,0.011542497376705142,0.003663003663003663
2023-02-07,0.0210727969348659,0.05642633228840126,,0.01483679525222552,0.07341269841269842,0.0,0.011278195488721804,,,,,0.024714828897338403,,,-0.009345794392523364,0.0,-0.002112676056338028,-0.0033482142857142855,,0.05873821609862219,0.013927576601671309,,,0.003472222222222222,0.008992805755395683,,0.003683241252302026,0.015089163237311385,-0.002074688796680498,
2023-02-08,,-0.030267062314540058,,,-0.036968576709796676,,,-0.006501684991660143,,0.012275731822474031,,,,,,-0.006802721088435374,-0.004940014114326041,,,,0.004807692307692308,-0.014970059880239521,,,,,,-0.002702702702702703,,
2023-02-09,,,,,,-0.025295109612141653,-0.02394106813996317,,,,,,,,,,-0.018439716312056736,,,,0.000683526999316473,-0.004052684903748734,,,,,,-0.016260162601626018,-0.020942408376963352,
2023-02-10,,,,0.008534850640113799,,,,,0.019434628975265017,,,,-0.01824817518248175,,-0.018433179723502304,-0.009411764705882352,,-0.012716763005780347,,,,0.007121057985757884,,-0.018779342723004695,-0.01020408163265306,,,0.0013774104683195593,,-0.022783251231527094
2023-02-13,0.0057692307692307696,0.008301404853128991,0.0,0.019746121297602257,,,0.04030710172744722,0.018627590122055067,,,-0.06451612903225806,0.009345794392523364,,-0.020848056537102474,,,-0.0035919540229885057,0.02576112412177986,-0.006779661016949152,-0.03351063829787234,0.007596685082872928,,,0.028708133971291867,0.00859106529209622,,0.0018832391713747645,0.0041265474552957355,,0.018273471959672338
2023-02-14,,,,,,,-0.023985239852398525,,,,,,,,,,,,-0.015358361774744027,,,-0.012048192771084338,,,,,,-0.00684931506849315,,
2023-02-15,0.043478260869565216,0.008985879332477536,0.0,0.0041265474552957355,0.029498525073746312,,0.030245746691871456,0.02423450877956755,0.014234875444839857,0.025870646766169153,-0.0933920704845815,0.14102564102564102,0.06037735849056604,0.012625324916450055,0.02337228714524207,,0.05663189269746647,0.02009456264775414,0.008665511265164644,-0.01189127972819932,,0.012195121951219513,,0.03297997644287397,,,0.015384615384615385,-0.001379310344827586,-0.002304147465437788,0.008827238335435058
2023-02-16,,,,,,-0.011475409836065573,-0.01651376146788991,-0.021960895437801078,,-0.016488845780795344,0.026239067055393587,,0.008896797153024912,,,,0.0014104372355430183,-0.015063731170336037,,-0.0332378223495702,,0.006024096385542169,,0.00798175598631699,,0.0771513353115727,,,,
2023-02-17,0.047244094488188976,,0.0,-0.09397944199706314,,,-0.009328358208955223,,0.01950354609929078,,,0.040229885057471264,-0.019400352733686066,0.02005198663200891,-0.004792332268370607,-0.006944444444444444,0.02112676056338028,,0.005190311418685121,0.0017783046828689982,,-0.003992015968063872,,0.004524886877828055,-0.02142857142857143,,0.00558659217877095,,0.0,
2023-02-20,0.013157894736842105,,,,0.18286814244465832,-0.01001669449081803,-0.009416195856873822,-0.0066365512241369695,-0.008695652173913044,0.007897334649555774,,,0.0341726618705036,0.019657808518383692,0.006420545746388443,-0.004662004662004662,0.006206896551724138,,0.0068846815834767644,0.022485207100591716,0.02053388090349076,0.0,,0.010135135135135136,0.0018248175182481751,0.015127803860198226,,0.012379642365887207,0.0022727272727272726,
2023-02-21,0.011131725417439703,,,,,,,,-0.014035087719298246,,-0.08132530120481928,,,,-0.023923444976076555,0.00468384074941452,-0.00411240575736806,-0.015748031496062992,,,,0.01002004008016032,,,,,,-0.01358695652173913,,
2023-02-22,0.005504587155963303,0.0006609385327164573,0.0,0.03514376996805112,-0.03501628664495114,0.02079722703639515,0.013513513513513514,,0.023131672597864767,0.0050200803212851405,,0.006944444444444444,,0.0067712045616536,,,-0.0055058499655884375,0.005714285714285714,,-0.009221902017291067,,,,,,-0.03989769820971867,-0.005545286506469501,-0.0027548209366391185,,0.005685407454200884
2023-02-23,,,,,,,,,-0.019130434782608695,,-0.006018054162487462,,,,,,,,,-0.027341477603257707,,,,,,,,,,-0.011306532663316583
2023-02-24,0.015065913370998116,,,,,,-0.01904761904761905,,,-0.017051153460381142,,,,,,,-0.02309307207837649,,,,,-0.005940594059405941,,,,,,-0.0013869625520110957,,
2023-02-27,0.07606679035250463,0.060828877005347594,,0.004511278195488722,0.009581881533101045,0.06972789115646258,,-0.0015556635877491491,,0.024489795918367346,0.02857142857142857,-0.001445086705202312,0.08812260536398467,-0.02831858407079646,,0.007042253521126761,0.02650429799426934,,0.0,0.020586400499064253,0.02880921895006402,,,0.03333333333333333,,,0.03625954198473282,0.0,-0.010037641154328732,0.007766990291262136
2023-02-28,,,,,,,-0.023166023166023165,-0.01700912130359983,0.0,-0.00796812749003984,-0.021825396825396824,,,0.06557377049180328,,0.07925407925407925,-0.00209351011863224,0.013921113689095127,0.0,0.0012224938875305623,0.0006222775357809583,0.03386454183266932,,0.05698924731182796,0.013133208255159476,0.022222222222222223,,0.001388888888888889,0.017743979721166033,-0.00449582530507386
2023-03-02,,,0.0,-0.050595238095238096,-0.017676767676767676,0.05100463678516229,,0.010996268533500645,,0.006024096385542169,,,0.08695652173913043,,,-0.028077753779697623,0.007692307692307693,-0.009153318077803204,0.0,,0.0012437810945273632,0.0038535645472061657,,-0.019328585961342827,0.04259259259259259,,0.058823529411764705,,,0.04129032258064516
2023-03-03,0.0017513134851138354,0.0032959789057350032,,-0.03918495297805643,,0.0,0.019762845849802372,,0.0035971223021582736,,0.046351084812623275,0.03392330383480826,,0.006932409012131715,-0.052415210688591986,0.042222222222222223,,,0.020761245674740483,0.0438489646772229,-0.0037267080745341614,,,0.026970954356846474,0.015985790408525755,,0.04040404040404041,,-0.008951406649616368,
2023-03-06,0.04020979020979021,-0.002628120893561104,0.0,,-0.02527379949452401,-0.020588235294117647,,,-0.007168458781362007,,,,-0.023140495867768594,0.013769363166953529,-0.0596529284164859,,0.044661549197487785,0.006880733944954129,0.013559322033898305,,,0.009746588693957114,,-0.013131313131313131,-0.015734265734265736,0.05555555555555555,0.04692556634304207,,,
2023-03-07,0.013445378151260505,,,,,,-0.02127659574468085,,,-0.010101010101010102,,,-0.011844331641285956,,,-0.010893246187363835,,,-0.016722408026755852,0.020527859237536656,,-0.013513513513513514,,0.03582395087001024,,0.04,,,,
2023-03-08,,0.036231884057971016,0.0,-0.019784172661870502,0.030864197530864196,,0.001976284584980237,,,,,0.044709388971684055,-0.046232876712328765,-0.003436426116838488,,,0.0006506180871828237,0.06436781609195402,-0.013605442176870748,-0.0022988505747126436,0.006169031462060457,0.007827788649706457,,0.14031620553359683,0.008928571428571428,,,,-0.01277139208173691,
2023-03-09,,,0.0,,,-0.06707317073170732,,,,,,,,,,,,,,,,,,,,,,,,
2023-03-10,,,0.0,,,0.0,-0.022448979591836733,0.017134469640236048,,,,,,,,-0.02517162471395881,-0.01606425702811245,-0.033707865168539325,,,,,,,,-0.058212058212058215,,-0.0040650406504065045,,
2023-03-13,,,,,,-0.006535947712418301,,,,,,,,,,,,-0.07209302325581396,,,,,,,,-0.04856512141280353,,,,
2023-03-14,,0.03944636678200692,0.0,0.02480916030534351,0.04747774480712166,0.019736842105263157,0.021574973031283712,0.028355032548823236,0.019569471624266144,0.010857763300760043,0.022492970946579195,0.09244992295839753,0.009633911368015413,0.031067961165048542,0.019659239842726082,0.0024875621890547263,0.04297994269340974,0.05764411027568922,0.0055658627087198514,0.044710327455919394,,0.06451612903225806,,0.07276119402985075,-0.00931098696461825,0.013921113689095127,0.10675039246467818,0.011363636363636364,0.006535947712418301,0.023125
2023-03-15,,0.008655126498002663,,,,,,,,,,-0.012693935119887164,,,,-0.007444168734491315,,,,,,,,,,,,,-0.04415584415584416,-0.011606597434331093
2023-03-16,0.06165703275529865,0.06402640264026403,0.0,0.009433962264150943,0.038497652582159626,0.018413597733711047,,,0.0136986301369863,0.003257328990228013,0.03280224929709466,-0.06285714285714286,-0.017509727626459144,0.02490421455938697,0.075,0.0125,0.04108635097493036,0.021844660194174758,0.027675276752767528,,0.03232062055591468,,,,0.030476190476190476,,-0.05106382978723404,0.0014064697609001407,-0.005434782608695652,0.05067985166872682
2023-03-17,,,0.0,0.016822429906542057,0.04159132007233273,,-0.0038684719535783366,,0.007722007722007722,,-0.016333938294010888,,,,,,,0.0,,-0.023054755043227664,-0.014402003757044458,0.009009009009009009,,,,0.07542579075425791,-0.008968609865470852,-0.009831460674157303,0.001366120218579235,0.009411764705882352
2023-03-20,0.03290676416819013,,0.0,0.007352941176470588,,-0.01912568306010929,,0.031211767718439695,0.0019157088122605363,,,-0.0121580547112462,,,-0.0158311345646438,-0.0024509803921568627,,,,,-0.01207115628970775,0.0,,-0.02033271719038817,,,0.03469079939668175,-0.0014184397163120568,,
2023-03-21,,,,,0.05286343612334802,0.034818941504178275,-0.00199203187250996,-0.018430636795055733,,,,0.02,,,,,,,,-0.028671737858396724,-0.03408360128617363,-0.010714285714285714,,,,0.008771929824561403,-0.0029154518950437317,-0.0014204545454545455,0.008185538881309686,0.0023148148148148147
2023-03-22,,,,,,-0.005383580080753701,,,,,,,,,0.0,,,,,-0.03734939759036145,,-0.005415162454873646,,0.007067137809187279,,,0.2997076023391813,,-0.035182679296346414,
2023-03-23,0.03804347826086957,0.22058823529411764,,0.009041591320072333,-0.003536067892503536,0.036535859269282815,0.16432865731462926,,0.0038684719535783366,0.013172338090010977,0.025830258302583026,0.016845329249617153,-0.020446096654275093,0.024163568773234202,,0.0005015045135406219,0.009929078014184398,0.008588957055214725,,,,0.016333938294010888,,-0.018421052631578946,-0.0189328743545611,,0.03824521934758155,0.005698005698005698,,0.0226628895184136
2023-03-24,,,,,,-0.0039164490861618795,-0.027538726333907058,-0.02721783278757473,,-0.010834236186348862,,,0.036053130929791274,,,-0.005012531328320802,,-0.00851581508515815,-0.01818181818181818,,,0.019642857142857142,,,,0.02702702702702703,-0.08450704225352113,-0.0028328611898017,,
2023-03-27,0.03019538188277087,-0.03663570691434469,0.4171656686626746,0.029462738301559793,,0.0,0.017699115044247787,,0.023255813953488372,,,,-0.02197802197802198,0.023593466424682397,-0.0868945868945869,-0.0005037783375314861,0.018934081346423562,0.029447852760736196,,,0.004666666666666667,,0.0,-0.009945750452079566,0.029876977152899824,,0.015384615384615385,0.028409090909090908,,
2023-03-28,,-0.017675415104445636,,,-0.02064896755162242,0.028833551769331587,0.01391304347826087,-0.03234759011995436,-0.00946969696969697,,0.08990228013029317,,0.06741573033707865,0.0017730496453900709,-0.0202808112324493,0.025705645161290324,0.030282174810736407,0.00834326579261025,0.014625228519195612,0.0024125452352231603,,0.003484320557491289,0.031598513011152414,,-0.006825938566552901,,,0.0055248618784530384,,-0.014578833693304536
2023-03-29,,-0.028353326063249727,-0.009370816599732263,0.006711409395973154,-0.006024096385542169,-0.01019108280254777,,,,0.02615062761506276,0.10460251046025104,,,,0.028662420382165606,0.007371007371007371,-0.004676018704074816,,,0.015042117930204572,0.12917737789203085,,,,,,-0.0048484848484848485,0.0,,
2023-03-30,,,0.013513513513513514,0.01,,0.04118404118404118,,0.0419692539847213,,,,,,-0.008912655971479501,,-0.00975609756097561,,0.0035460992907801418,,,,0.003552397868561279,-0.05807622504537205,,,0.008908685968819599,,-0.009615384615384616,,-0.006497022198159177
2023-03-31,,,,,,-0.00865265760197775,0.0,-0.03309799662080618,-0.026813880126182965,-0.008483563096500531,0.0599250936329588,0.09646739130434782,0.05799648506151142,0.01618705035971223,0.0015600624024961,,,0.04122497055359246,0.02142857142857143,-0.03725606150206978,-0.010291595197255575,0.0017699115044247787,0.01348747591522158,0.007246376811594203,0.00847457627118644,,0.10126582278481013,,-0.00424929178470255,
2023-04-03,0.023297491039426525,,-0.006313131313131313,0.006611570247933884,-0.009397024275646046,-0.016209476309226933,,,0.1539708265802269,0.0213903743315508,0.004543160020191822,,-0.061461794019933555,0.010619469026548672,0.03271028037383177,0.04018912529550828,,0.09049773755656108,,,,,,-0.004796163069544364,-0.011764705882352941,-0.021231422505307854,0.11149425287356322,0.01094391244870041,,
2023-04-04,,0.055586436909394105,0.0698856416772554,,,0.015209125475285171,0.015384615384615385,0.03160400096408773,,-0.01780104712041885,0.03768844221105527,0.01639344262295082,,-0.012259194395796848,,,-0.012738853503184714,,-0.04227642276422764,-0.001800720288115246,0.02756598240469208,,0.022857142857142857,,,-0.02386117136659436,-0.05170630816959669,,0.007072135785007072,0.03217821782178218
2023-04-05,0.02120141342756184,,0.020190023752969122,,,,-0.03872053872053872,,,,,,-0.013769363166953529,,,,,,,,-0.012557077625570776,,-0.0223463687150838,-0.04357976653696498,,,,-0.02185792349726776,,-0.007194244604316547
2023-04-06,0.06401384083044982,0.013919821826280624,,-0.019867549668874173,0.005627009646302251,,,-0.02073726036137939,,,-0.04411764705882353,-0.01773049645390071,0.027923211169284468,-0.018018018018018018,-0.0030303030303030303,,,,0.0017421602787456446,-0.013472137170851195,-0.005780346820809248,-0.01444043321299639,,,,,-0.003115264797507788,,-0.007082152974504249,0.004830917874396135
2023-04-07,,0.006589785831960461,-0.05084745762711865,-0.030405405405405407,,0.009650180940892641,,,,,0.011794871794871795,-0.021660649819494584,,,,,-0.03662138216184288,-0.008368200836820083,,,,0.029304029304029304,,,,,-0.071875,,,0.02403846153846154
2023-04-10,0.001652892561983471,-0.019094380796508457,0.01020408163265306,,0.02633744855967078,,0.12535612535612536,,-0.012658227848101266,0.022702702702702703,-0.0015205271160669033,,-0.03773584905660377,0.007532956685499058,0.004629629629629629,0.032327586206896554,0.014101778050275904,0.10759493670886076,0.01592920353982301,0.00251414204902577,0.039953676896352056,0.037366548042704624,0.023952095808383235,,0.010067114093959731,0.04935622317596566,-0.02132435465768799,,0.011577424023154847,0.03990610328638498
2023-04-11,0.009900990099009901,,0.023989898989898988,0.02264808362369338,0.04731355252606255,-0.0219435736677116,-0.02531645569620253,,0.038461538461538464,,0.05583756345177665,,-0.035650623885918005,0.020560747663551402,-0.013824884792626729,0.0020876826722338203,0.03385731559854897,0.29904761904761906,0.006968641114982578,0.0012539184952978057,0.013363028953229399,,0.009746588693957114,,0.029900332225913623,0.0,-0.03669724770642202,0.005571030640668524,0.001430615164520744,
2023-04-12,0.03104575163398693,0.041423570595099185,-0.02466091245376079,0.018739352640545145,,-0.013888888888888888,,,,-0.018404907975460124,0.17067307692307693,-0.06560636182902585,,,,0.035416666666666666,,-0.03372434017595308,-0.0017301038062283738,0.002504696305572949,-0.02142857142857143,0.016366612111292964,,,0.00967741935483871,,-0.016666666666666666,0.0221606648199446,,
2023-04-13,,0.00784313725490196,,,,,0.016666666666666666,-0.014658662571548233,-0.0851063829787234,-0.01875,,0.00425531914893617,0.007434944237918215,0.0018450184501845018,0.016793893129770993,-0.03420523138832998,0.025454545454545455,,,,0.004491858506457047,0.0,-0.006825938566552901,-0.024161073825503355,0.019169329073482427,,,0.0040650406504065045,,-0.03837953091684435
2023-04-14,0.01584786053882726,,,,-0.017017828200972446,0.039913700107874865,-0.0037831021437578815,,-0.010174418604651164,,0.04793028322440087,0.01694915254237288,-0.012915129151291513,0.0055248618784530384,-0.0045045045045045045,0.022916666666666665,0.0076832151300236405,0.04460431654676259,,0.011620795107033639,,0.02254428341384863,,0.012379642365887207,-0.01567398119122257,0.029411764705882353,0.05176470588235294,0.002699055330634278,,0.019955654101995565
2023-04-17,,-0.005678884873515746,,,,-0.1037344398340249,,,-0.013215859030837005,-0.0219435736677116,,,,,,,-0.011730205278592375,,-0.015332197614991482,,,,,-0.05434782608695652,,,,,,
2023-04-18,,0.02284527518172378,,0.009693053311793215,0.020202020202020204,-0.009259259259259259,0.043586550435865505,-0.011345748314473254,0.022321428571428572,0.010683760683760684,0.08624229979466119,0.029082774049217,0.01893939393939394,,,0.043568464730290454,0.08130563798219585,-0.050505050505050504,,0.04843654199877376,0.14699792960662525,0.045813586097946286,,0.013649425287356323,0.043333333333333335,0.012121212121212121,,0.01510989010989011,0.014285714285714285,
2023-04-19,,,,-0.0208,-0.05115511551155116,,,,,,,,-0.022304832713754646,,-0.02753623188405797,,,,,,,-0.019637462235649546,,,,0.021956087824351298,,,,-0.018475750577367205
2023-04-20,,-0.04630650496141125,-0.020080321285140562,,,,,,,,,,,,,,-0.09513742071881606,,,-0.01956135151155898,,,,,,-0.076171875,,,,0.0
2023-04-21,0.015254237288135594,,,,-0.022707423580786028,-0.029572836801752465,-0.04935370152761457,,,,0.030660377358490566,0.025433526011560695,,,,,,-0.0051813471502590676,,-0.034461910519951636,,0.004709576138147566,-0.028119507908611598,,-0.0016155088852988692,,,,,
2023-04-24,,,0.0026666666666666666,0.024518388791593695,-0.02770330652368186,,-0.09147095179233622,,,,-0.16247139588100687,0.07666290868094701,,-0.03571428571428571,,,-0.04164470216130733,0.16145833333333334,-0.012477718360071301,-0.031308703819661866,0.10805084745762712,0.01875,0.03074141048824593,,,,,-0.013513513513513514,,-0.014251781472684086
2023-04-25,0.046153846153846156,,,,,-0.0189520624303233,,-0.002920919936047227,,,,-0.05235602094240838,0.017189079878665317,,-0.0048543689320388345,,0.0016501650165016502,,,,,,,,,-0.045454545454545456,-0.0267022696929239,,,
2023-04-26,0.004901960784313725,,0.025675675675675677,,0.01757631822386679,,-0.019525801952580194,0.0294181134170033,-0.04941860465116279,0.003205128205128205,,0.0011049723756906078,0.005964214711729622,0.0616822429906542,,-0.021551724137931036,,0.10291595197255575,-0.017793594306049824,,-0.014466546112115732,0.03894080996884735,0.0017730496453900709,-0.010423905489923557,0.048013245033112585,,,,-0.02130681818181818,-0.019184652278177457
2023-04-27,,,-0.011857707509881422,-0.011009174311926606,,-0.01434878587196468,,,,,0.06813524590163934,,,,,,,,-0.007246376811594203,,,,,,,-0.023206751054852322,-0.03871829105473965,,,
2023-04-28,0.05081967213114754,0.016356457980823462,0.032,0.03153988868274583,0.04567078972407231,,0.017777777777777778,0.002847312848499229,0.0029850746268656717,0.00966702470461869,-0.05515587529976019,0.07193396226415094,0.018218623481781375,0.045871559633027525,0.040257648953301126,0.025974025974025976,0.03737259343148358,0.027552674230145867,0.005474452554744526,0.0087248322147651,,,0.02249134948096886,0.04142441860465116,0.0,-0.017278617710583154,,0.004132231404958678,0.010144927536231883,-0.00975609756097561
2023-05-02,0.0327613104524181,0.00776914539400666,,-0.044964028776978415,-0.018198362147406732,0.05735930735930736,,,0.001488095238095238,0.08936170212765958,,-0.036303630363036306,-0.019880715705765408,,0.0046439628482972135,-0.012658227848101266,0.0611353711790393,,0.010889292196007259,,,-0.024427480916030534,,-0.05373342637822749,-0.0112,0.041758241758241756,0.014608233731739707,,,0.0024630541871921183
2023-05-03,,,0.011658031088082901,0.003766478342749529,-0.024096385542168676,,,,0.06686478454680535,0.0302734375,-0.035784313725490194,,,,,,,-0.07605177993527508,-0.00718132854578097,-0.017229953611663355,,0.010954616588419406,0.016556291390728478,,-0.022653721682847898,0.04219409282700422,-0.07068062827225131,0.0013698630136986301,,0.10810810810810811
2023-05-04,,-0.0028011204481792717,0.023047375160051217,,,,0.008733624454148471,,,,,,,0.0,-0.013803680981595092,0.0,-0.0026852846401718583,0.028021015761821366,,0.03438975050573163,0.06805293005671077,,-0.021172638436482084,0.032846715328467155,0.0016556291390728477,-0.06477732793522267,,0.01094391244870041,0.04922279792746114,-0.013303769401330377
2023-05-08,,,,0.013011152416356878,-0.02245088868101029,,-0.007215007215007215,,,,-0.031007751937984496,,,-0.010238907849829351,-0.02177293934681182,,-0.03338718362950996,,,-0.01564537157757497,,-0.00927357032457496,,,,0.01948051948051948,,-0.0027063599458728013,,-0.0044943820224719105
2023-05-09,0.04501607717041801,,-0.026282853566958697,0.0,-0.0028708133971291866,0.03,-0.007267441860465116,,,0.05263157894736842,0.04053333333333333,,,-0.005172413793103448,,,,0.04426229508196721,-0.0017857142857142857,-0.011258278145695364,-0.0453125,,,,0.041736227045075125,,,,,-0.004514672686230248
2023-05-10,0.026153846153846153,,,-0.011009174311926606,,,-0.014641288433382138,,0.11375661375661375,,-0.051255766273705795,,-0.02335456475583864,0.006932409012131715,-0.030864197530864196,0.013289036544850499,,0.007849293563579277,0.0017889087656529517,0.0026791694574681848,-0.0425531914893617,,,0.03559870550161812,,,,,-0.00851581508515815,
2023-05-11,0.17091454272863568,0.046734571599760334,,,-0.006666666666666667,,,,,,,-0.02551521099116781,,,,,,,,-0.011356045424181697,-0.022222222222222223,-0.019938650306748466,,0.019375,,,0.06349206349206349,,,
2023-05-12,,,,,,,-0.0029411764705882353,,-0.032066508313539195,,-0.009209100758396533,0.002014098690835851,,0.06502636203866433,,,,0.01910828025477707,,-0.020945945945945947,,,-0.02321724709784411,,,,,0.0,-0.049689440993788817,
2023-05-15,0.09395109395109395,,,-0.035916824196597356,,0.004228329809725159,,,,,0.022963367960634227,,-0.004464285714285714,,-0.017741935483870968,,,,,,-0.012704174228675136,-0.0124804992199688,-0.05263157894736842,,,0.006521739130434782,,,0.02483660130718954,-0.009302325581395349
2023-05-16,0.07411764705882352,0.0060373216245883645,0.04606060606060606,-0.013725490196078431,0.0,0.01263157894736842,0.017027863777089782,0.14122552574329225,0.012239902080783354,0.03211009174311927,0.034740780331373594,0.12169312169312169,0.0257847533632287,0.04006677796327212,,0.028662420382165606,0.04078212290502793,,,0.028469750889679714,0.08455882352941177,-0.00631911532385466,-0.008960573476702509,0.12,0.2006079027355623,,0.017595307917888565,,,0.06103286384976526
2023-05-17,0.014238773274917854,0.0032733224222585926,,0.015904572564612324,0.06742556917688267,0.014553014553014554,0.0228310502283105,-0.0947047921630924,,0.03911111111111111,,0.0047169811320754715,0.01092896174863388,-0.025682182985553772,0.011308562197092083,,,0.01732283464566929,0.007220216606498195,,,0.011128775834658187,,-0.03273809523809524,-0.035443037974683546,,,0.00546448087431694,0.0,-0.0022123893805309734
2023-05-18,,-0.013594344752582926,0.012971698113207548,0.0136986301369863,,0.0430327868852459,,0.013950223730003217,,,0.0015220700152207,,,,-0.006389776357827476,0.001564945226917058,,,0.005376344086021506,0.009790209790209791,,,0.007194244604316547,,-0.03412073490813648,,,0.002717391304347826,-0.006493506493506494,-0.031042128603104215
2023-05-19,,0.004410143329658214,0.011641443538998836,0.02702702702702703,,-0.0275049115913556,,,0.013793103448275862,-0.013111888111888112,,-0.011764705882352941,,,0.028938906752411574,-0.003125,,-0.004893964110929853,0.0035650623885918,,-0.04642857142857143,,0.008928571428571428,-0.007931665649786455,0.024456521739130436,-0.02053388090349076,,0.0013550135501355014,,
2023-05-22,0.022026431718061675,,-0.0034522439585730723,,,0.020202020202020204,,0.031597442248977474,,-0.018600531443755536,,,0.022198731501057084,,,0.0,,-0.03770491803278689,,0.0061770761839396015,-0.009363295880149813,0.017488076311605722,,,,0.027253668763102725,-0.005594405594405594,-0.0040595399188092015,,0.07621247113163972
2023-05-23,,,,,-0.023993144815766924,,-0.019635343618513323,,,,-0.02702702702702703,0.025,-0.004136504653567736,-0.008130081300813009,-0.003115264797507788,,,0.028960817717206135,0.017793594306049824,-0.007503410641200546,,0.021875,,0.02510716472749541,,0.004081632653061225,,-0.004076086956521739,,
2023-05-24,,,,0.0,-0.007901668129938543,,,,,,,,,,-0.0078125,,,,0.0034965034965034965,,-0.03415559772296015,,,,,0.0,,,,
2023-05-25,0.007667031763417305,,-0.030373831775700934,,,0.026156941649899398,,,,,,0.0,,,,,,,,,,,,,,,,-0.008185538881309686,,-0.009153318077803204
2023-05-26,0.034782608695652174,-0.0015881418740074113,0.06385542168674699,,0.05139765554553652,0.08431372549019608,,0.014998285910181694,-0.0011641443538998836,,,,0.005235602094240838,0.02145214521452145,,,0.017699115044247787,0.0052173913043478265,-0.003527336860670194,,0.005988023952095809,,0.007104795737122558,0.0,0.08289473684210526,,,0.008253094910591471,-0.09533468559837728,-0.006928406466512702
2023-05-30,,-0.013785790031813362,,,-0.003430531732418525,,0.0028368794326241137,-0.006726899152804751,,0.06479113384484228,-0.043010752688172046,,0.011458333333333333,,,0.00825082508250825,0.04076086956521739,,,0.0034965034965034965,,-0.01393188854489164,-0.005291005291005291,0.025046963055729492,,,0.004431314623338257,,,0.02558139534883721
2023-05-31,0.008519701810436636,-0.002688172043010753,0.0,,,0.02707581227436823,,,-0.037037037037037035,-0.0344275420336269,0.015730337078651686,,,0.008103727714748784,0.02593192868719611,0.03436988543371522,,,,0.003484320557491289,0.0,-0.01098901098901099,,,,,-0.0029411764705882353,-0.0013736263736263737,,0.08616780045351474
2023-06-01,,-0.001078167115902965,0.0565410199556541,,-0.013077593722755012,-0.04745166959578207,0.0014104372355430183,0.005290712168637988,,0.17164179104477612,0.030973451327433628,,0.012552301255230125,0.0,0.017377567140600316,0.23575949367088608,,0.019197207678883072,0.0035335689045936395,,-0.03875968992248062,0.049206349206349205,0.030357142857142857,-0.021492537313432834,,0.013861386138613862,,-0.001375515818431912,,
2023-06-02,,,-0.022035676810073453,0.06925675675675676,,,-0.0028169014084507044,0.013143392483191888,0.02857142857142857,,,0.01791044776119403,0.010330578512396695,0.012861736334405145,-0.012422360248447204,,0.05249343832020997,0.008561643835616438,,-0.0013679890560875513,,,,0.04148871262965223,,-0.0078125,,-0.0013774104683195593,0.002185792349726776,-0.04008438818565401
2023-06-05,,0.0010610079575596816,,0.0,0.018072289156626505,-0.007339449541284404,,-0.04152954934863608,0.01932367149758454,,,-0.06744868035190615,,,,-0.019444444444444445,-0.02344139650872818,,-0.0017391304347826088,,,-0.020260492040520984,0.006968641114982578,-0.056824838898652606,-0.02564102564102564,0.017716535433070866,,,0.03489640130861505,
2023-06-07,,,,0.00631911532385466,-0.0084530853761623,,,,,0.052076875387476754,-0.052742616033755275,,,,0.007861635220125786,0.0906515580736544,,-0.012131715771230503,,,-0.03162055335968379,,,,,-0.025145067698259187,,-0.0013774104683195593,,-0.008948545861297539
2023-06-08,0.02197802197802198,-0.012021857923497269,,,0.03410059676044331,,,,,0.1107837360047142,,,-0.018218623481781375,,,-0.01818181818181818,,-0.007017543859649123,-0.010416666666666666,0.036303630363036306,,,,0.01125703564727955,,,,,-0.023157894736842106,-0.011286681715575621
2023-06-09,,,,0.004709576138147566,-0.010717230008244023,,,-0.0316411883472743,0.010739856801909307,,-0.0200445434298441,-0.0031847133757961785,,0.0208,,0.021164021164021163,,0.0035335689045936395,-0.007017543859649123,,0.0,,0.0035211267605633804,,,-0.018108651911468814,,-0.001379310344827586,,-0.0091324200913242
2023-06-12,0.003601440576230492,0.004901960784313725,,-0.028125,0.0,,,,,0.03016359918200409,0.0,-0.003194888178913738,-0.009249743062692703,,,,0.08101135190918472,-0.007042253521126761,,-0.011875,,,,0.009511731135066582,0.0,,0.055776892430278883,,,0.0069124423963133645
2023-06-13,,,,0.03054662379421222,-0.014166666666666666,,,,0.004705882352941176,,,,,,,,,,,,,,,,,-0.006329113924050633,,-0.005517241379310344,,
2023-06-14,0.017094017094017096,0.007660878447395302,,,,,,,,,-0.014388489208633094,-0.018259935553168637,,,,,,,,,,,,,,-0.012738853503184714,,-0.0013869625520110957,,-0.009280742459396751
2023-06-15,,,0.010845986984815618,0.015360983102918587,0.017006802721088437,,-0.009320905459387484,,0.004689331770222743,0.12894873122734335,,,,0.004622496147919877,0.014586709886547812,-0.004993757802746567,,0.001838235294117647,,0.0013201320132013201,,,-0.013307984790874524,,-0.011111111111111112,,-0.006756756756756757,0.005555555555555556,-0.021463414634146343,0.01873536299765808
2023-06-16,,,,0.039334341906202726,,-0.03877221324717286,,,0.014002333722287048,-0.016055045871559634,,-0.001091703056768559,-0.011727078891257996,0.009202453987730062,,-0.03262233375156838,0.019687026754164564,0.029357798165137616,,,,0.004070556309362279,0.0,-0.002628120893561104,,,,-0.0027624309392265192,,
2023-06-19,0.0024390243902439024,,,,-0.028451882845188285,,,,,,-0.06885245901639345,,,,0.0,,,,,,,,-0.0038535645472061657,,,,,-0.0013850415512465374,,-0.01627906976744186
2023-06-20,,0.13902439024390245,,0.010130246020260492,-0.017226528854435832,,0.010869565217391304,,,0.002320185614849188,,0.061452513966480445,,-0.0046875,,-0.01726263871763255,-0.021739130434782608,0.018484288354898338,-0.012455516014234875,0.011984021304926764,0.046218487394957986,,,0.07562457798784605,,,,0.0,,
2023-06-21,,0.010706638115631691,,,,0.0,,,,,,-0.030526315789473683,,,,,,,,,,,-0.015384615384615385,-0.008160703075957313,,,,-0.004160887656033287,,
2023-06-22,,,,,,0.008403361344537815,,,,0.0,,,-0.02358490566037736,,,-0.0012690355329949238,0.0005405405405405405,,,,0.01646090534979424,-0.002677376171352075,,,,,,-0.005571030640668524,,-0.023923444976076555
2023-06-23,,-0.05010893246187364,0.06599552572706935,-0.010884353741496598,0.0,,0.0013315579227696406,0.024104102754273,0.004662004662004662,0.22493887530562348,-0.05200945626477541,,0.018115942028985508,0.04065040650406504,,,0.004862236628849271,0.0380952380952381,,-0.015789473684210527,,,0.0,0.04838709677419355,0.0,,0.018561484918793503,,,
2023-06-26,0.022020725388601035,,,,-0.015178571428571428,-0.011686143572621035,-0.0026595744680851063,,-0.04988399071925754,0.01996007984031936,,,-0.02372479240806643,,,,,,-0.0036231884057971015,-0.008689839572192513,-0.013618677042801557,0.0,0.007905138339920948,,0.01,,,0.0013966480446927375,,
2023-06-27,,-0.0022935779816513763,-0.025100401606425703,,0.10335448776065277,,0.006666666666666667,,,,,,,-0.0030911901081916537,,,,0.059369202226345084,,-0.022252191503708697,-0.013806706114398421,0.017356475300400534,,0.03220035778175313,0.027227722772277228,,0.008,,-0.03260869565217391,0.012285012285012284
2023-06-28,,,,,-0.027115858668857847,-0.008291873963515755,,,-0.018541409147095178,0.034220532319391636,,-0.014613778705636743,,,,,,,,-0.02689655172413793,,-0.003937007874015748,,,,,,,,
2023-06-29,,-0.004405286343612335,0.031082529474812434,0.04131054131054131,0.03209459459459459,,0.0026490066225165563,0.031753428305152445,0.013853904282115869,,-0.01583710407239819,,,0.010769230769230769,,,0.0,0.029574861367837338,0.0,-0.014883061658398299,0.026915113871635612,0.04479578392621871,0.006172839506172839,0.03663423010875787,0.05721393034825871,,0.0048134777376654635,0.02929427430093209,-0.0022935779816513763,
2023-06-30,0.005201560468140442,0.059734513274336286,,,-0.012274959083469721,0.0,0.018494055482166448,-0.0015484869991612361,-0.006211180124223602,,0.03908045977011494,0.014098690835850957,0.04,0.0076103500761035,-0.0032310177705977385,,0.024149286498353458,0.025134649910233394,0.007339449541284404,,,,0.028629856850715747,-0.006073992269464384,-0.007058823529411765,-0.001941747572815534,0.01437125748502994,,,
2023-07-03,0.04398447606727038,-0.04592901878914405,,,0.004142502071251036,,0.01297016861219196,,-0.0225,,0.0,,-0.018028846153846152,0.01661631419939577,,0.039030955585464336,0.001607717041800643,0.01926444833625219,,0.018129079042784626,0.04563492063492063,,-0.005964214711729622,,0.05568720379146919,,,0.010243277848911651,-0.017064846416382253,
2023-07-04,0.0161090458488228,-0.0175054704595186,0.014792899408284023,0.02316076294277929,,-0.02531645569620253,0.014084507042253521,0.0015653535090007827,,-0.0015873015873015873,,,0.008567931456548347,,,,0.010165864098448368,,,-0.01638176638176638,0.0018975332068311196,,-0.028,0.03009859885832901,,,,-0.010139416983523447,,
2023-07-05,,,,,-0.021043771043771045,-0.03339517625231911,-0.020202020202020204,,,,0.004366812227074236,,,-0.0334855403348554,,,-0.03972457627118644,,,-0.027516292541636494,0.041666666666666664,-0.0049813200498132005,,,,,,-0.014084507042253521,,
2023-07-06,,,,0.0025348542458808617,-0.01117798796216681,,-0.019329896907216496,,0.010243277848911651,,,0.014792899408284023,,,,,-0.04136789851075565,-0.033444816053511704,,,,,,,-0.04338842975206612,,,0.032467532467532464,,
2023-07-07,,,,0.10366624525916561,0.0052173913043478265,,-0.04467805519053877,-0.02113948651505336,,,,0.03498542274052478,0.0038314176245210726,,0.0,,0.02761795166858458,-0.010380622837370242,0.013257575757575758,-0.012734082397003745,0.04129263913824058,0.0299625468164794,0.01059322033898305,,,0.03155818540433925,,-0.0012578616352201257,0.004866180048661801,
2023-07-10,0.04780876494023904,0.0,-0.03543913713405239,0.013745704467353952,0.026816608996539794,0.026,0.023383768913342505,0.0348671148420356,,,0.03233256351039261,,0.005089058524173028,-0.036619718309859155,-0.013513513513513514,0.004285714285714286,,0.008741258741258742,,0.03717754172989378,-0.022413793103448276,0.09333333333333334,,0.02142857142857143,,,0.03536585365853658,-0.005037783375314861,-0.006053268765133172,0.002058672156459084
2023-07-11,,0.02631578947368421,0.009584664536741214,,,0.03508771929824561,0.012096774193548387,,-0.004944375772558714,-0.017521902377972465,0.011185682326621925,0.03379310344827586,,,,0.02418207681365576,-0.010348583877995643,-0.02079722703639515,,,,0.01662971175166297,-0.006289308176100629,,-0.040382571732199786,0.09925093632958802,-0.004711425206124852,0.09873417721518987,0.023142509135200974,0.007190549563430919
2023-07-12,,-0.02564102564102564,0.015822784810126583,-0.0367965367965368,,,0.02257636122177955,0.011223872572081458,,-0.11337579617834395,,,,,0.0017094017094017094,,,-0.04070796460176991,,,-0.04852686308492201,,-0.029535864978902954,,,,-0.002366863905325444,,-0.03333333333333333,0.015298317185109638
2023-07-13,,-0.013157894736842105,,0.015730337078651686,-0.01740506329113924,0.16074766355140188,0.03896103896103896,,0.0024600246002460025,,,,,0.004464285714285714,-0.008532423208191127,,-0.019101123595505618,,0.009259259259259259,,0.009107468123861567,-0.0196078431372549,,,0.005512679162072767,,,0.019851116625310174,,0.0
2023-07-14,0.02092050209205021,-0.07555555555555556,-0.031198686371100164,-0.046460176991150445,,,,0.027175736428906933,0.03067484662576687,,,,0.0038314176245210726,,,,0.017754868270332187,,-0.012844036697247707,,,,,-0.04941176470588235,,,0.05301204819277108,,,
2023-07-17,,,,-0.002320185614849188,,0.0,-0.0012048192771084338,,,,,0.011904761904761904,,,,,,-0.009380863039399626,,-0.015015015015015015,-0.03819444444444445,,,,,,-0.03318077803203661,,,
2023-07-18,0.0013679890560875513,,0.046232876712328765,,,-0.032423208191126277,,,-0.0011862396204033216,-0.015174506828528073,,-0.01384083044982699,,,0.005253940455341506,-0.016666666666666666,,-0.022727272727272728,0.007518796992481203,,-0.007220216606498195,0.006764374295377677,0.008639308855291577,,0.002254791431792559,,-0.03076923076923077,0.010416666666666666,-0.010796221322537112,
2023-07-19,0.006830601092896175,,-0.09165302782324058,-0.012542759407069556,,0.012345679012345678,,0.09838671491865932,,-0.060092449922958396,0.05168986083499006,-0.036491228070175435,0.0587467362924282,,,,,-0.01744186046511628,,,,0.0022396416573348264,,,-0.015748031496062992,,,,,-0.004524886877828055
2023-07-20,,,,,,,-0.013924050632911392,,,,,,,,,,,,,-0.015372790161414296,,-0.00558659217877095,,0.035175879396984924,-0.02057142857142857,0.005226480836236934,0.0012658227848101266,0.011538461538461539,,
2023-07-21,0.005555555555555556,,,,,,,,,-0.03767123287671233,,-0.03214285714285714,,,,,,-0.012024048096192385,,,,,-0.03896103896103896,,,,,-0.0038022813688212928,,
2023-07-24,0.062154696132596686,-0.054196642685851316,,-0.033296337402885685,-0.025349650349650348,0.007326007326007326,0.00788436268068331,-0.013925406563443373,,,0.026530612244897958,,,,,,,0.0,,-0.03079416531604538,-0.015904572564612324,0.2513542795232936,-0.04504504504504504,0.024752475247524754,0.017964071856287425,,,,,-0.02869757174392936
2023-07-25,,,,,,,,,,,,,,,,,,,,,,,,,,,,,,
2023-07-26,0.038620689655172416,-0.007242628039317123,-0.014940239043824702,-0.015513126491646777,0.01764705882352941,0.04642166344294004,,,0.02219482120838471,0.011385199240986717,0.03879310344827586,,-0.04980842911877394,0.018835616438356163,0.009345794392523364,0.005025125628140704,0.03153745072273324,,0.022128556375131718,,0.01694915254237288,-0.0010460251046025104,,,0.0049382716049382715,0.05850091407678245,-0.006675567423230975,,0.031207598371777476,0.06511627906976744
2023-07-27,0.025232403718459494,0.02918186555497655,,0.10303030303030303,0.04431599229287091,0.0,0.041666666666666664,-0.01238048938583698,0.013268998793727383,0.08067542213883677,0.03734439834024896,0.01282051282051282,0.05510752688172043,0.02857142857142857,0.018518518518518517,0.04833333333333333,0.045859872611464965,0.014736842105263158,0.041237113402061855,0.004219409282700422,0.04375,,0.016317016317016316,0.010342950462710943,0.02702702702702703,-0.03281519861830743,,0.0161892901618929,0.06315789473684211,
2023-07-28,,,0.04143126177024482,,0.033210332103321034,0.0018484288354898336,,0.028188888524267385,,,,-0.00870253164556962,0.03694267515923567,0.0,-0.012727272727272728,-0.006359300476947536,,0.024896265560165973,0.011881188118811881,,-0.001996007984031936,0.046534653465346534,0.016055045871559634,-0.02209051724137931,,0.0035714285714285713,0.04252577319587629,,0.023514851485148515,0.07882882882882883
2023-07-31,,-0.007503751875937969,-0.009041591320072333,0.29988851727982163,-0.005357142857142857,,,0.02132005617260309,0.03708133971291866,0.13126079447322972,,,0.0036855036855036856,0.0016339869281045752,0.04788213627992634,-0.0208,0.026347305389221556,,,,,,,,-0.038293216630196934,,-0.032138442521631644,0.008695652173913044,,
2023-08-01,,,,,,,,,-0.0392156862745098,-0.0916030534351145,,-0.0372168284789644,-0.01835985312117503,,,,,-0.01818181818181818,,,,,,-0.03258426966292135,,,,-0.008620689655172414,,
2023-08-02,0.021156558533145273,,0.0,,,0.009708737864077669,,,,,,-0.018487394957983194,,,,-0.014925373134328358,,,-0.009708737864077669,,-0.036585365853658534,,,,,,-0.02875,,,0.0668103448275862
2023-08-03,0.0718232044198895,0.023641851106639838,,0.07632933104631218,,,,,0.04611650485436893,,-0.006396588486140725,-0.01113013698630137,,0.0016025641025641025,0.0,,,,0.03137254901960784,,-0.006329113924050633,,0.09111617312072894,,0.021352313167259787,,-0.010296010296010296,0.06832298136645963,-0.0072254335260115606,
2023-08-04,0.037371134020618556,,,,,0.03131115459882583,,,-0.00580046403712297,,,,-0.035897435897435895,,0.0,-0.03801652892561983,,,0.011406844106463879,,,,,,,-0.00808080808080808,,,0.004366812227074236,-0.05220883534136546
2023-08-07,0.009937888198757764,,,0.028448275862068967,,,,,0.010501750291715286,,,,,,,,,-0.03459119496855346,,-0.034976152623211444,,0.027135678391959798,-0.0449438202247191,,-0.045454545454545456,0.02240325865580448,,0.007009345794392523,,
2023-08-08,0.004920049200492005,0.0046487603305785125,0.0111731843575419,0.04358759430008382,,,0.019762845849802372,0.026578073089700997,,-0.00398406374501992,-0.004366812227074236,0.010879419764279238,,-0.009009009009009009,0.018050541516245487,0.010327022375215147,-0.0011869436201780415,0.026058631921824105,0.013409961685823755,0.019769357495881382,,,0.03137254901960784,,,,-0.006811989100817439,-0.010440835266821345,-0.015580736543909348,0.04319654427645788
2023-08-09,,,-0.04419889502762431,-0.03132530120481928,,-0.06405353728489484,,0.009708737864077669,0.05983889528193326,-0.026,,-0.03497757847533632,,,0.0425531914893617,-0.008517887563884156,-0.007724301841948901,,,,0.02268041237113402,,,,0.10757946210268948,-0.024291497975708502,-0.01646090534979424,,,
2023-08-10,0.03156565656565657,0.018912529550827423,,,0.002707581227436823,0.007150153217568948,0.002652519893899204,,,,0.01680672268907563,0.047397769516728624,-0.006544502617801047,-0.029282576866764276,-0.006802721088435374,0.037800687285223365,0.010778443113772455,0.019271948608137045,0.0018656716417910447,0.018548387096774192,0.024193548387096774,,0.05758157389635317,0.06555269922879177,,,,-0.031322505800464036,-0.018666666666666668,-0.01020408163265306
2023-08-11,,,,,,,,,,,,-0.038154392191659274,,,-0.00684931506849315,,0.0,-0.031512605042016806,,,,0.02193419740777667,-0.003629764065335753,,-0.0032292787944025836,,-0.015089163237311385,0.033532934131736525,,
2023-08-14,,,-0.014925373134328358,0.04063745019920319,,,,,,,,-0.04981549815498155,-0.044715447154471545,,,,,,,,-0.095703125,,,,,,,-0.009269988412514484,,-0.10865191146881288
2023-08-16,,,,-0.07274119448698316,,0.019487179487179488,,-0.014657980456026058,,-0.02771362586605081,0.07966457023060797,,,-0.024350649350649352,,,,,,,,,,,,,-0.0014285714285714286,,,0.009029345372460496
2023-08-17,,0.009174311926605505,,-0.038810900082576386,0.0,-0.018108651911468814,0.05263157894736842,,0.0011668611435239206,0.014251781472684086,0.007766990291262136,0.01609657947686117,-0.016853932584269662,0.009983361064891847,0.018363939899833055,,0.011750154607297465,,,-0.010186757215619695,0.298876404494382,-0.029381965552178316,,0.03881987577639751,0.06938775510204082,0.008791208791208791,0.07439198855507868,,,
2023-08-18,0.011142061281337047,,0.0020554984583761563,,-0.009699321047526674,,,0.016722408026755852,-0.004662004662004662,,,-0.0049504950495049506,,0.29983525535420097,-0.013114754098360656,-0.0018018018018018018,-0.011002444987775062,,0.001968503937007874,,,,0.043824701195219126,-0.013452914798206279,-0.019083969465648856,-0.006535947712418301,,0.037125748502994015,,-0.012875536480686695
2023-08-21,,,,-0.015873015873015872,,,,-0.04111842105263158,0.09836065573770492,-0.027842227378190254,,,0.002751031636863824,,,,,-0.019384264538198404,,,-0.06478405315614617,,-0.013358778625954198,,,-0.0043859649122807015,,,,
2023-08-22,0.009708737864077669,,,-0.04923599320882852,,0.0041841004184100415,,,,,0.04008016032064128,-0.008982035928143712,,,,0.016245487364620937,-0.019975786924939468,,-0.01287128712871287,,,,,-0.01753048780487805,-0.013358778625954198,,,,,0.0
2023-08-23,0.01098901098901099,0.0021645021645021645,0.006355932203389831,,0.007960199004975124,,,0.026737967914438502,-0.04462474645030426,0.03631961259079903,-0.028901734104046242,-0.006042296072507553,,0.036036036036036036,,,-0.0012353304508956147,,-0.003009027081243731,,,0.0,0.04744525547445255,-0.007757951900698216,-0.01160541586073501,0.015418502202643172,0.005594405594405594,,0.017391304347826087,0.01956521739130435
2023-08-24,0.001358695652173913,-0.01079913606911447,0.02736842105263158,,,,,0.001736111111111111,,-0.04205607476635514,,,,,,,,,,,,,-0.033101045296167246,,,-0.013015184381778741,-0.009735744089012517,,,
2023-08-25,0.023066485753052916,0.002183406113537118,0.0942622950819672,,0.025150905432595575,,0.02759526938239159,0.005199306759098787,-0.017467248908296942,0.007317073170731708,-0.020491803278688523,0.01330603889457523,0.005532503457814661,0.024498886414253896,0.011345218800648298,0.06405693950177936,,0.011682242990654205,0.025176233635448138,0.009409751924721984,-0.02185792349726776,0.003134796238244514,0.11891891891891893,0.0297427652733119,0.02169421487603306,0.03296703296703297,,0.04728132387706856,0.03283173734610123,
2023-08-28,0.046419098143236075,,-0.0299625468164794,0.05004389815627744,0.020608439646712464,0.02412280701754386,-0.005115089514066497,0.022413793103448276,0.005555555555555556,,,,0.011004126547455296,0.015217391304347827,-0.008012820512820512,-0.0033444816053511705,,,,0.0211864406779661,-0.00931098696461825,-0.0010416666666666667,,,,0.006382978723404255,-0.006747638326585695,-0.0056433408577878106,0.033112582781456956,0.037527593818984545
2023-08-29,0.035487959442332066,-0.002183406113537118,0.04826254826254826,,0.07115384615384615,,0.0012853470437017994,,,,-0.014583333333333334,,-0.006802721088435374,-0.008565310492505354,-0.009693053311793215,0.003355704697986577,0.003026634382566586,0.0011210762331838565,,0.013278008298755186,,,-0.02680067001675042,0.003869969040247678,,-0.012684989429175475,0.058423913043478264,,0.06282051282051282,0.006382978723404255
2023-08-30,,,,-0.01818181818181818,,0.0031746031746031746,,,0.006711409395973154,-0.03002309468822171,,-0.014619883040935672,,,,,,-0.007838745800671893,,-0.003276003276003276,,0.036344755970924195,,,,,-0.028241335044929396,,,0.004228329809725159
2023-08-31,,-0.08459869848156182,,,,,,-0.01559792027729636,,,,,,,-0.03205128205128205,,,,0.003992015968063872,,,,,,,-0.025423728813559324,,,0.059850374064837904,-0.05894736842105263
2023-09-01,,0.0071090047393364926,0.014198782961460446,,,,0.00125,0.014084507042253521,,-0.009685230024213076,,0.002004008016032064,,,0.011589403973509934,,,,0.02584493041749503,0.0,-0.010141987829614604,-0.005252100840336135,0.024390243902439025,0.007142857142857143,0.045454545454545456,,0.002770083102493075,0.009478672985781991,-0.01764705882352941,
2023-09-04,,,,,-0.04032258064516129,,,-0.017361111111111112,-0.015677491601343786,0.009779951100244499,,,,0.030915576694411414,,,,0.02522935779816514,0.0,,,,,,-0.011342155009451797,-0.004246284501061571,-0.0027624309392265192,,,
2023-09-05,,,-0.03434343434343434,,,,,0.014134275618374558,-0.027303754266211604,,,,,,-0.009538950715421303,-0.0017667844522968198,,,0.0755813953488372,,-0.002061855670103093,,,,0.011472275334608031,,,,-0.0035714285714285713,
2023-09-06,,0.019417475728155338,,,,-0.0030737704918032786,,,,,,-0.022727272727272728,,,-0.028892455858747994,,,,,,,-0.02631578947368421,,,,0.008849557522123894,-0.014084507042253521,-0.032719836400818,,
2023-09-07,0.009234828496042216,,0.014973262032085561,-0.025044722719141325,,-0.018499486125385406,,,0.012077294685990338,,,,-0.03202846975088968,0.0011337868480725624,,-0.007220216606498195,,0.0070838252656434475,-0.03230769230769231,,,0.002162162162162162,0.011075949367088608,-0.020168067226890758,,,0.014285714285714285,,,
2023-09-08,0.044444444444444446,,0.01685985247629083,,-0.006060606060606061,,,,,0.013591217982226868,,-0.007454739084132056,,-0.01925254813137033,,0.0,,0.008206330597889801,-0.030206677265500796,0.035833333333333335,-0.014893617021276596,0.03559870550161812,0.03442879499217527,0.0017152658662092624,,0.01956521739130435,0.0014084507042253522,-0.001081081081081081,,
2023-09-11,0.006257822277847309,,0.015544041450777202,,,,,0.07601351351351351,,,-0.0367170626349892,,0.064030131826742,,-0.006589785831960461,,0.0006514657980456026,,,,,,-0.04236006051437216,,-0.0019646365422396855,-0.0255863539445629,,,0.09171270718232044,
2023-09-12,,,,,-0.05140562248995984,,-0.01098901098901099,-0.03296703296703297,,0.009968520461699895,-0.006726457399103139,,,-0.028639618138424822,0.003316749585406302,,-0.026692708333333332,,,-0.013911620294599018,0.020833333333333332,-0.008456659619450317,,,,,,,,
2023-09-13,0.05829015544041451,0.010101010101010102,0.013541666666666667,0.0018814675446848542,,0.07776560788608981,0.07222222222222222,0.037337662337662336,,-0.007792207792207792,,0.008676789587852495,0.003484320557491289,-0.009828009828009828,,-0.0017857142857142857,0.0006688963210702341,0.0011261261261261261,,0.02074688796680498,0.01020408163265306,,-0.006462035541195477,0.033304867634500426,,,0.005714285714285714,0.0,,0.013232514177693762
2023-09-14,,0.01,,0.03004694835680751,0.01278772378516624,,0.15284974093264247,0.0,,,-0.008849557522123894,0.030107526881720432,0.005208333333333333,-0.019851116625310174,-0.009615384615384616,0.03041144901610018,0.0033422459893048127,0.003374578177727784,0.026595744680851064,0.0024390243902439024,,0.005197505197505198,0.01788617886178862,0.0884297520661157,,,,0.0,0.0,
2023-09-15,,,-0.02857142857142857,-0.018231540565177756,,,,,,,,-0.026096033402922755,,,-0.0048543689320388345,-0.034722222222222224,,-0.01233183856502242,0.04922279792746114,,,,,-0.04328018223234624,,,0.08720112517580872,,,
2023-09-18,0.029487179487179487,,,,,,,,,,,-0.011789924973204717,,,-0.013008130081300813,,,-0.022701475595913734,,,-0.006085192697768763,0.0019743336623889436,,,,0.03563941299790356,-0.045278137128072445,,,
2023-09-19,,,,-0.010436432637571158,0.022341376228775692,0.006423982869379015,-0.006702412868632708,,0.026128266033254157,,0.062034739454094295,0.020607375271149676,,0.006587615283267457,,0.0018214936247723133,,,-0.0730816077953715,0.012145748987854251,-0.012244897959183673,,,,,-0.012145748987854251,,,0.093,-0.04063604240282685
2023-09-20,,,,,,-0.023404255319148935,,,,,,,,,,,,-0.024277456647398842,,,,,,-0.035211267605633804,,-0.03278688524590164,,,,
2023-09-21,,-0.014423076923076924,-0.014656144306651634,-0.02171767028627838,,-0.007625272331154684,,0.005,0.010514018691588784,,,,0.032196969696969696,,-0.0214168039538715,,,,0.02702702702702703,-0.02188006482982172,,-0.011764705882352941,,,,,,,,
2023-09-22,,,,-0.016145307769929364,,,-0.06658130601792574,,,,,,,,,,,,-0.0443213296398892,-0.014084507042253521,,,,,,-0.038,,,,
2023-09-25,,,,,,-0.020022246941045607,,,,,0.05542725173210162,,,-0.030054644808743168,,,,,,,,,,,,-0.006237006237006237,,,,
2023-09-26,,-0.005638134290107637,0.06265060240963856,-0.0031512605042016808,0.032723772858517804,0.0,0.005547850208044383,0.034482758620689655,0.018604651162790697,,0.0350109409190372,,0.04066543438077634,0.016901408450704224,-0.0016863406408094434,0.017964071856287425,0.013639626704953339,0.02608695652173913,,0.02323580034423408,0.02088167053364269,0.008639308855291577,-0.08547008547008547,0.02891566265060241,,,0.011904761904761904,,-0.05661881977671451,
2023-09-27,,,-0.07936507936507936,,,,,0.005,,,,,,,,,,,,,,,,,,-0.06504065040650407,-0.023529411764705882,,,
2023-10-04,0.005,,-0.0024630541871921183,,,,,0.003316749585406302,,-0.0012523481527864746,,,,-0.01308139534883721,,,,0.005063291139240506,-0.08284023668639054,,,0.0033407572383073497,,,,,-0.016566265060240965,,-0.058091286307053944,
2023-10-05,,0.0044469149527515284,0.013580246913580247,0.011148272017837236,0.016052880075542966,0.0034883720930232558,0.039705882352941174,0.011570247933884297,0.030373831775700934,0.03197492163009404,0.019650655021834062,0.01812004530011325,0.1152,0.023564064801178203,0.001694915254237288,,0.034588777863182166,,0.0016129032258064516,-0.010480349344978166,0.026570048309178744,,0.047619047619047616,0.020100502512562814,0.01182033096926714,-0.019313304721030045,0.009188361408882083,0.008310249307479225,0.030837004405286344,0.07391304347826087
2023-10-06,,,,,,,,,,,,-0.047830923248053395,,,-0.001692047377326565,-0.022494887525562373,,,,,,,-0.00946969696969697,,-0.04439252336448598,0.0,,,0.017948717948717947,
2023-10-10,0.005119453924914676,0.03455842018650576,-0.01839080459770115,0.02759381898454746,-0.0018315018315018315,0.05238095238095238,0.03851851851851852,,0.015873015873015872,,0.0022522522522522522,0.04672897196261682,-0.00727802037845706,0.017673048600883652,0.0,0.012552301255230125,0.03343465045592705,0.03826530612244898,0.24783147459727387,0.14537444933920704,0.02444987775061125,0.004705882352941176,,0.044964028776978415,,0.010940919037199124,0.028346456692913385,-0.05228758169934641,,0.06477732793522267
2023-10-11,0.027164685908319185,-0.003181336161187699,0.01873536299765808,0.011815252416756176,0.009174311926605505,0.003393665158371041,,0.004942339373970346,0.012276785714285714,0.06265356265356266,0.02247191011235955,,0.13049853372434017,0.07380607814761216,0.020338983050847456,0.01652892561983471,0.03676470588235294,0.01597051597051597,0.04965243296921549,0.05615384615384615,0.02386634844868735,,0.04267161410018553,0.013769363166953529,,,,-0.07011494252873564,-0.04796747967479675,-0.034220532319391636
2023-10-12,,,-0.034482758620689655,-0.012738853503184714,,-0.0011273957158962795,,,0.015435501653803748,,,,-0.0311284046692607,,-0.0033222591362126247,,,,,,,,,,-0.013953488372093023,,,,-0.09649871904355252,
2023-10-13,,,0.02023809523809524,,-0.04757630161579892,,,0.011400651465798045,,,-0.02591792656587473,,,,-0.03166666666666667,,,,0.23703703703703705,,,,0.01858736059479554,,-0.0330188679245283,,-0.05128205128205128,,,
2023-10-16,,0.0,,0.04525862068965517,,0.09457900807381776,0.027472527472527472,,0.009153318077803204,-0.0011527377521613833,,,,0.02663115845539281,,0.0,,0.012345679012345678,-0.07365269461077845,,-0.002403846153846154,,0.029197080291970802,-0.008928571428571428,0.0012195121951219512,,,0.14347826086956522,-0.0010351966873706005,-0.006915629322268326
2023-10-17,,-0.019764957264957264,,0.04742268041237113,-0.005405405405405406,,0.009358288770053475,-0.03902439024390244,,,,,,-0.0038910505836575876,-0.018425460636515914,,,,,-0.03507404520654715,-0.00963855421686747,,,0.01891891891891892,,0.0,,-0.019011406844106463,,
2023-10-18,,,,-0.02952755905511811,,,,-0.04060913705583756,,,,,,,,,,,-0.09420289855072464,,,,,,,,,,,
2023-10-19,,,-0.0024390243902439024,,,,,,,-0.04105571847507331,,,,,,,,,-0.05533333333333333,,,,,-0.032377428307123035,,-0.04205607476635514,,,,
2023-10-20,0.0111731843575419,0.005196304849884526,-0.02689486552567237,-0.020518358531317494,,,0.010401188707280832,,,,-0.01643192488262911,0.013580246913580247,,-0.036193029490616625,,,,,,-0.012313104661389622,-0.005771248688352571,-0.0489060489060489,,0.020076481835564052,,,,,,
2023-10-23,0.01289134438305709,0.013785180930499713,0.06030150753768844,0.030871003307607496,0.0175609756097561,0.03815028901734104,0.033823529411764704,0.03496503496503497,0.017410228509249184,0.01990049751243781,0.026252983293556086,0.007308160779537149,0.02582496413199426,0.0890125173852573,,0.019693654266958426,0.027068832173240527,0.0012330456226880395,-0.05057471264367816,0.04007123775601069,0.025329815303430078,0.014884979702300407,0.04621072088724584,,,0.007211538461538462,,-0.053003533568904596,0.07242582897033159,-0.019230769230769232
2023-10-24,,,,,-0.00862895493767977,,,,,,,,,-0.019157088122605363,,-0.012875536480686695,,0.024630541871921183,,,-0.010293360782295419,0.0026666666666666666,-0.0035335689045936395,,,,,-0.01616915422885572,,-0.004901960784313725
2023-10-25,,,,-0.002830188679245283,,,,,,,,,,,-0.028169014084507043,,,,,,,,,,0.0,-0.03317535545023697,,,,
2023-10-26,0.04780876494023904,-0.04863582443653618,0.005995203836930456,,-0.014112903225806451,0.02506265664160401,0.006134969325153374,0.012110726643598616,,0.024983984625240232,0.06601466992665037,,0.034055727554179564,-0.006858710562414266,,,0.042741935483870966,,,0.0,0.03260869565217391,-0.013888888888888888,-0.001876172607879925,,0.047619047619047616,0.051470588235294115,,,,-0.013651877133105802
2023-10-27,0.022813688212927757,0.09351620947630923,,0.024777006937561942,,,,,0.014942528735632184,-0.01375,,-0.018292682926829267,-0.008982035928143712,0.019337016574585635,0.04770318021201413,-0.013245033112582781,0.065738592420727,0.01201923076923077,0.22638297872340427,,0.005263157894736842,0.005633802816901409,0.005639097744360902,-0.004770992366412214,0.018847006651884702,,0.012718600953895072,0.10141987829614604,-0.0947119179163378,
2023-10-30,0.020446096654275093,,,,,,,,-0.021517553793884484,,-0.08139534883720931,,,,,,,,,,,,-0.04299065420560748,,,,,,,
2023-10-31,0.06557377049180328,0.01415929203539823,0.037444933920704845,,0.04105263157894737,0.013245033112582781,0.021875,,-0.019675925925925927,0.0026246719160104987,0.006582278481012658,0.005076142131979695,,0.0553306342780027,0.01697792869269949,0.006289308176100629,-0.008968609865470852,,0.009324009324009324,0.004370629370629371,0.0010834236186348862,-0.0078125,0.03515625,0.003972194637537239,,,0.022222222222222223,-0.04007633587786259,-0.02727272727272727,0.015384615384615385
2023-11-01,0.02564102564102564,-0.005235602094240838,-0.016985138004246284,,0.0262891809908999,,0.03363914373088685,0.018900343642611683,,0.031413612565445025,,,0.048252911813643926,-0.005115089514066497,0.00333889816360601,0.0,0.032428355957767725,0.0070921985815602835,0.01770592763664357,0.006962576153176675,0.04329004329004329,0.048818897637795275,,0.03165182987141444,0.017391304347826087,0.04279279279279279,0.021739130434782608,,0.028037383177570093,0.07407407407407407
2023-11-02,0.0033333333333333335,0.04152046783625731,,0.038537549407114624,0.007881773399014778,,0.008875739644970414,-0.01517706576728499,0.030732860520094562,0.0006345177664974619,-0.12977867203219315,0.007352941176470588,0.006349206349206349,0.030848329048843187,,0.01875,0.015339663988312637,,-0.0529500756429652,0.011235955056179775,0.0036307053941908715,,0.013059701492537313,0.039309683604985615,,,,-0.005928853754940711,0.0,-0.003134796238244514
2023-11-03,0.07142857142857142,-0.043234138124649074,-0.04559585492227979,-0.014272121788772598,0.021505376344086023,,0.004398826979472141,0.14383561643835616,,,-0.011560693641618497,,,,,0.002044989775051125,-0.007913669064748202,-0.001145475372279496,,0.010256410256410256,0.02945736434108527,0.0832072617246596,,0.025830258302583026,,,0.02245508982035928,,-0.00909090909090909,0.10062893081761007
2023-11-06,,,,-0.02702702702702703,-0.015311004784688996,,,,,,,,-0.007385524372230428,,,,,,-0.08417508417508418,,,-0.04329608938547486,0.05142857142857143,,,,-0.010248901903367497,,,0.012857142857142857
2023-11-07,,,,-0.03373015873015873,,-0.013157894736842105,,,0.005307855626326964,-0.03848431024274719,,-0.014475271411338963,-0.026785714285714284,,,-0.006369426751592357,,,,,-0.018499486125385406,-0.020437956204379562,,,,0.006772009029345372,-0.010355029585798817,,,
2023-11-08,,-0.0029585798816568047,,-0.013347022587268994,,,0.0015082956259426848,,0.006335797254487857,,-0.004250151791135397,,,0.019011406844106463,,,,,,-0.001694915254237288,,-0.0029806259314456036,-0.003629764065335753,,,,,,,-0.030470914127423823
2023-11-09,0.05582922824302135,,,0.026014568158168574,,0.0032822757111597373,,,,,,,,,,,,,-0.014752370916754479,,,,,,,-0.024282560706401765,,-0.019464720194647202,,-0.04
2023-11-10,,,,-0.03955375253549696,,,,,0.001037344398340249,,,,,,-0.008665511265164644,,,,0.009625668449197862,-0.012131715771230503,-0.011229946524064172,-0.0121765601217656,,,0.0125,,-0.026113671274961597,,-0.03116883116883117,
2023-11-13,,0.04655493482309125,-0.02289156626506024,,0.040755467196819085,-0.001122334455667789,0.015901060070671377,0.01854974704890388,-0.007253886010362694,,0.08703703703703704,0.09407216494845361,0.03273322422258593,0.02342786683107275,,0.05829596412556054,0.0677710843373494,0.03110047846889952,-0.00423728813559322,0.027192982456140352,0.04326663061114116,0.01386748844375963,,0.06815968841285297,0.0718294051627385,0.04856512141280353,0.02365930599369085,,0.006255585344057194,
2023-11-14,0.017006802721088437,-0.03262158956109134,0.03822441430332922,0.03870967741935484,0.015281757402101241,0.0651685393258427,0.057391304347826085,0.009933774834437087,,0.04072948328267477,0.044860874503123226,,,-0.008433734939759036,,0.03177966101694915,-0.009167842031029619,0.019721577726218097,-0.007446808510638298,0.2997438087105038,,0.0243161094224924,0.023931623931623933,0.04557885141294439,,,0.026194144838212634,0.0,-0.015985790408525755,0.04836415362731152
2023-11-15,,,-0.04156769596199525,,0.02916274694261524,,-0.001644736842105263,0.022950819672131147,,,,,0.004622496147919877,-0.004860267314702308,,-0.002053388090349076,,0.03754266211604096,-0.05251875669882101,0.1747700394218134,,,,0.041848299912816043,-0.027649769585253458,,,,-0.0036101083032490976,-0.028493894165535955
2023-11-16,,,,,,-0.021604938271604937,,,,,,,,,,,,-0.007675438596491228,,,,,,,-0.017772511848341232,,-0.004424778761061947,,,
2023-11-17,0.030476190476190476,0.015635179153094463,0.03337612323491656,,,,,0.00974025974025974,-0.023379383634431455,-0.015384615384615385,,-0.006764374295377677,0.02936630602782071,0.0037174721189591076,0.027874564459930314,,,0.0066298342541436465,0.04062126642771804,,,,0.2703150912106136,,0.0,-0.014613778705636743,,0.12558139534883722,0.11252268602540835,
2023-11-20,,0.028864656831302116,-0.012422360248447204,,,,0.003257328990228013,,-0.004352557127312296,-0.003605769230769231,,0.018161180476730987,-0.003003003003003003,0.0012345679012345679,0.011864406779661017,,,,0.002296211251435132,-0.025102159953298307,,-0.0028208744710860366,,0.028670721112076455,,0.0826271186440678,0.004477611940298508,-0.024793388429752067,0.04812398042414356,
2023-11-21,0.014842300556586271,-0.035536159600997506,,0.06935817805383022,,,0.00487012987012987,,,,,,-0.0015060240963855422,,,,,-0.008695652173913044,-0.043528064146620846,-0.022754491017964073,,,0.001176470588235294,0.016047297297297296,-0.018137847642079808,-0.011741682974559686,,0.07415254237288135,,-0.019204389574759947
2023-11-22,0.009140767824497258,,0.017391304347826087,,,,,0.02572347266881029,,,,,,-0.010025062656641603,,,,,,,-0.007614213197969543,-0.009283819628647215,-0.03055229142185664,,,,-0.018950437317784258,,,
2023-11-23,0.0018115942028985507,-0.004542504866969501,0.028083028083028084,,-0.010377358490566037,0.0038910505836575876,0.0016474464579901153,,-0.009793253536452665,0.007430340557275541,0.03115264797507788,,,0.035443037974683546,0.025295109612141653,0.0021691973969631237,-0.011333333333333334,0.001088139281828074,0.020884520884520884,0.0006329113924050633,0.01278772378516624,0.028112449799196786,0.0012121212121212121,0.05847953216374269,,0.050387596899224806,,,,-0.013513513513513514
2023-11-24,,-0.020208604954367666,-0.03681710213776722,,,,,,-0.001098901098901099,,,,,,,,,,-0.026474127557160047,-0.013915243516761544,-0.025252525252525252,,,,,-0.02214022140221402,-0.010385756676557863,-0.02786377708978328,0.08895705521472393,0.036986301369863014
2023-11-27,,,-0.007398273736128237,0.12720156555772993,,,-0.01631321370309951,,0.005500550055005501,,-0.05396402398401066,0.008629989212513484,-0.03162650602409638,,-0.003305785123966942,0.022123893805309734,,,,,0.0,,,,,-0.03207547169811321,,-0.029723991507430998,0.06126760563380282,
2023-11-28,,,,,,,,-0.018433179723502304,,-0.006373486297004461,,,0.003110419906687403,,0.001658374792703151,,0.003427004797806717,,,,,,,,,-0.01949317738791423,,-0.0087527352297593,0.028533510285335104,
2023-11-29,,0.0,,,-0.0074487895716946,0.0,,-0.001564945226917058,,0.015394483643361129,,,0.06666666666666667,-0.0048250904704463205,0.0033112582781456954,-0.015184381778741865,0.01366120218579235,,0.02702702702702703,,,,0.03477051460361613,-0.010109519797809604,-0.013221153846153846,-0.02186878727634195,0.02706766917293233,,,
2023-11-30,,,,,0.014071294559099437,,,,-0.012415349887133182,0.0012634238787113076,-0.01098901098901099,,,0.22666666666666666,,,,,-0.008373205741626795,,,-0.007926023778071334,0.0013440860215053765,-0.020425531914893616,,0.032520325203252036,0.0014641288433382138,-0.01822079314040729,0.01673101673101673,0.03074670571010249
2023-12-01,,-0.002551020408163265,0.017369727047146403,-0.009900990099009901,,-0.08023483365949119,,0.03470031545741325,,-0.015772870662460567,,,,,,,,,-0.013268998793727383,,,,0.020134228187919462,-0.009556907037358819,,,0.017543859649122806,,,
2023-12-04,,,-0.013414634146341463,-0.029166666666666667,,,,,,,,-0.02745995423340961,,,,-0.006593406593406593,,,,,,,,,,,-0.017241379310344827,,,
2023-12-05,0.25625,0.04113924050632911,,,0.01287128712871287,0.06681766704416761,0.010714285714285714,,-0.004424778761061947,0.05661619486504279,,0.0035294117647058825,-0.009104704097116844,0.013978494623655914,0.003215434083601286,,0.018582243633860976,0.017857142857142856,0.005,-0.013656114214773432,,0.002758620689655172,0.030726256983240222,0.0062724014336917565,-0.011780104712041885,,,,-0.010054137664346482,-0.06915629322268327
2023-12-06,,,,,-0.011730205278592375,,,-0.03201219512195122,-0.008888888888888889,0.003738317757009346,-0.023878437047756874,,0.007656967840735069,0.024390243902439025,,,,,,,,,-0.08672086720867209,-0.02404274265360641,,,0.0014577259475218659,,,
2023-12-07,0.017152658662092625,-0.0054811205846528625,-0.00980392156862745,,,-0.01098901098901099,0.0071301247771836,0.050393700787401574,,,0.054114158636026685,,,-0.009316770186335404,-0.019908116385911178,,-0.012549537648612946,,0.024327784891165175,-0.17868538608806636,,-0.002828854314002829,,0.01916058394160584,-0.0039946737683089215,,,0.010575793184488837,-0.08048780487804878,
