,Name,Open,High,Low,Close,Volume,Change
2023-11-01,삼성전자,67500,68900,67300,68600,13775256,0.025411061285500747
2023-11-02,삼성전자,70000,70000,69400,69700,16350031,0.016034985422740622
2023-11-03,삼성전자,69700,70200,69500,69600,10322234,-0.0014347202295552641
2023-11-06,삼성전자,69800,70900,69300,70900,22228489,0.018678160919540332
2023-11-07,삼성전자,70600,70900,70000,70900,17228731,0.0
2023-11-08,삼성전자,71300,71400,69700,69900,12901310,-0.014104372355430161
2023-11-09,삼성전자,69900,70800,69600,70300,12301373,0.005722460658083017
2023-11-10,삼성전자,70000,70500,69500,70500,9684347,0.002844950213371167
2023-11-13,삼성전자,71300,71300,70300,70400,9246919,-0.0014184397163120588
2023-11-14,삼성전자,71000,71100,70600,70800,9567984,0.005681818181818121
2023-11-15,삼성전자,71600,72200,71500,72200,20148677,0.019774011299435124
2023-11-16,삼성전자,72500,73000,72300,72800,15860451,0.008310249307479145
2023-11-17,삼성전자,72300,73000,72300,72500,11494644,-0.004120879120879106
2023-11-20,삼성전자,72100,73000,72100,72700,10610157,0.0027586206896552667
2023-11-21,삼성전자,73100,73400,72700,72800,9712881,0.0013755158184318717
2023-11-22,삼성전자,72200,73000,71900,72800,11105143,0.0
2023-11-23,삼성전자,73000,73200,72200,72400,6775614,-0.005494505494505475
2023-11-24,삼성전자,72400,72600,71700,71700,6676685,-0.00966850828729282
2023-11-27,삼성전자,71500,72100,71100,71300,9113857,-0.00557880055788007
2023-11-28,삼성전자,71400,72700,71300,72700,13283081,0.019635343618513268
2023-11-29,삼성전자,72400,72800,72200,72700,9283933,0.0
2023-11-30,삼성전자,72700,72800,72200,72800,15783714,0.0013755158184318717
2023-11-01,LG에너지솔루션,389500,391500,375500,377500,348415,-0.02075226977950717
2023-11-02,LG에너지솔루션,383500,394000,380000,391500,485126,0.03708609271523189
2023-11-03,LG에너지솔루션,402500,404500,396500,402000,442376,0.026819923371647514
2023-11-06,LG에너지솔루션,451500,500000,435000,493500,1894906,0.2276119402985075
2023-11-07,LG에너지솔루션,488500,488500,440500,443000,825182,-0.10233029381965553
2023-11-08,LG에너지솔루션,446000,459500,437500,437500,367858,-0.01241534988713322
2023-11-09,LG에너지솔루션,439000,447000,426500,429000,348224,-0.01942857142857146
2023-11-10,LG에너지솔루션,418500,422000,411000,411000,290145,-0.04195804195804198
2023-11-13,LG에너지솔루션,413000,425000,408000,415500,258047,0.010948905109489093
2023-11-14,LG에너지솔루션,424500,444000,420500,437000,318068,0.05174488567990365
2023-11-15,LG에너지솔루션,460000,460000,446000,451500,354065,0.03318077803203656
2023-11-16,LG에너지솔루션,447500,449500,439000,442500,186484,-0.019933554817275767
2023-11-17,LG에너지솔루션,436000,437000,428000,432000,223340,-0.023728813559321993
2023-11-20,LG에너지솔루션,432000,445500,431500,444000,250872,0.02777777777777768
2023-11-21,LG에너지솔루션,450000,452000,444000,447000,158805,0.006756756756756799
2023-11-22,LG에너지솔루션,443000,446000,437000,442000,136059,-0.01118568232662187
2023-11-23,LG에너지솔루션,440500,450500,440500,448500,142291,0.014705882352941124
2023-11-24,LG에너지솔루션,449500,452500,442500,442500,134085,-0.013377926421404673
2023-11-27,LG에너지솔루션,446000,447500,432500,434500,154442,-0.01807909604519775
2023-11-28,LG에너지솔루션,436500,440500,434000,435000,140561,0.0011507479861909697
2023-11-29,LG에너지솔루션,440000,447500,434000,447000,203907,0.02758620689655178
2023-11-30,LG에너지솔루션,444000,454500,440500,454500,289478,0.016778523489932917
2023-11-01,SK하이닉스,117900,120300,117000,120300,2707225,0.03439380911435941
2023-11-02,SK하이닉스,123900,125400,123100,125300,3736208,0.04156275976724855
2023-11-03,SK하이닉스,126500,127200,125000,125800,2796773,0.003990422984836428
2023-11-06,SK하이닉스,125800,133000,125800,133000,6923192,0.05723370429252772
2023-11-07,SK하이닉스,132000,133500,129300,130400,4940510,-0.019548872180451093
2023-11-08,SK하이닉스,131600,132700,126600,127600,3328279,-0.021472392638036797
2023-11-09,SK하이닉스,127700,129800,126700,128000,2228081,0.0031347962382444194
2023-11-10,SK하이닉스,127900,130800,127000,130500,2656526,0.01953125
2023-11-13,SK하이닉스,133000,134100,131000,131800,2644761,0.009961685823754785
2023-11-14,SK하이닉스,133500,133500,130000,130000,2589591,-0.01365705614567525
2023-11-15,SK하이닉스,133900,134200,132100,134100,3616292,0.031538461538461515
2023-11-16,SK하이닉스,133000,134400,131200,132300,2456351,-0.01342281879194629
2023-11-17,SK하이닉스,131500,132000,129100,129900,2438499,-0.01814058956916098
2023-11-20,SK하이닉스,129300,132000,129300,131400,2004403,0.011547344110854452
2023-11-21,SK하이닉스,132000,133300,131600,132000,2439306,0.004566210045662045
2023-11-22,SK하이닉스,129600,131600,129500,131300,2128566,-0.005303030303030254
2023-11-23,SK하이닉스,130600,131400,129500,130100,1839516,-0.009139375476009182
2023-11-24,SK하이닉스,130600,131000,128000,128000,1925668,-0.016141429669485063
2023-11-27,SK하이닉스,129200,130700,128400,130700,2264243,0.02109374999999991
2023-11-28,SK하이닉스,132100,132100,129900,131400,2562226,0.00535577658760511
2023-11-29,SK하이닉스,130200,131000,128900,130400,2227853,-0.007610350076103556
2023-11-30,SK하이닉스,129900,133900,129900,133900,3625365,0.026840490797545913
2023-11-01,삼성바이오로직스,709000,715000,702000,703000,37889,-0.008462623413258097
2023-11-02,삼성바이오로직스,714000,717000,707000,712000,45967,0.012802275960170695
2023-11-03,삼성바이오로직스,715000,716000,701000,705000,36328,-0.0098314606741573
2023-11-06,삼성바이오로직스,713000,732000,710000,732000,80061,0.038297872340425476
2023-11-07,삼성바이오로직스,730000,734000,724000,732000,43799,0.0
2023-11-08,삼성바이오로직스,740000,745000,728000,734000,40089,0.002732240437158362
2023-11-09,삼성바이오로직스,734000,736000,723000,723000,35234,-0.01498637602179842
2023-11-10,삼성바이오로직스,718000,727000,716000,726000,24386,0.004149377593360981
2023-11-13,삼성바이오로직스,730000,730000,719000,720000,25062,-0.008264462809917328
2023-11-14,삼성바이오로직스,728000,728000,718000,720000,41556,0.0
2023-11-15,삼성바이오로직스,728000,732000,722000,732000,63594,0.016666666666666607
2023-11-16,삼성바이오로직스,732000,737000,728000,732000,27205,0.0
2023-11-17,삼성바이오로직스,735000,735000,723000,723000,27497,-0.012295081967213073
2023-11-20,삼성바이오로직스,716000,726000,715000,720000,34355,-0.004149377593360981
2023-11-21,삼성바이오로직스,724000,726000,719000,722000,32807,0.002777777777777768
2023-11-22,삼성바이오로직스,717000,723000,714000,721000,29844,-0.0013850415512465242
2023-11-23,삼성바이오로직스,719000,724000,717000,721000,23751,0.0
2023-11-24,삼성바이오로직스,721000,724000,708000,709000,46574,-0.01664355062413314
2023-11-27,삼성바이오로직스,709000,712000,700000,703000,52956,-0.008462623413258097
2023-11-28,삼성바이오로직스,712000,729000,705000,727000,77689,0.03413940256045511
2023-11-29,삼성바이오로직스,727000,732000,723000,729000,66261,0.0027510316368637433
2023-11-30,삼성바이오로직스,725000,728000,718000,725000,67312,-0.005486968449931462
2023-11-01,삼성전자우,54000,55800,54000,55600,1372043,0.03731343283582089
2023-11-02,삼성전자우,56500,56700,56100,56300,1122851,0.012589928057553879
2023-11-03,삼성전자우,56900,56900,56300,56600,792571,0.005328596802841812
2023-11-06,삼성전자우,57000,57400,56200,57200,1216282,0.010600706713780994
2023-11-07,삼성전자우,57100,57600,56700,57600,1491542,0.006993006993007089
2023-11-08,삼성전자우,58000,58000,56600,57100,682314,-0.00868055555555558
2023-11-09,삼성전자우,56700,57100,56500,56900,536810,-0.003502626970227629
2023-11-10,삼성전자우,56600,56700,56100,56700,722595,-0.0035149384885764245
2023-11-13,삼성전자우,57100,57500,56400,56400,736224,-0.005291005291005346
2023-11-14,삼성전자우,57000,57300,56800,57200,902486,0.014184397163120588
2023-11-15,삼성전자우,57700,57900,57400,57700,1212974,0.00874125874125875
2023-11-16,삼성전자우,57800,58000,57400,58000,1240745,0.005199306759098743
2023-11-17,삼성전자우,57700,58100,57500,57500,1248032,-0.008620689655172376
2023-11-20,삼성전자우,57500,57600,57100,57500,908672,0.0
2023-11-21,삼성전자우,57700,57800,57400,57500,815505,0.0
2023-11-22,삼성전자우,56700,57100,56700,56900,1012420,-0.01043478260869568
2023-11-23,삼성전자우,57400,57700,57100,57400,1338253,0.008787346221441172
2023-11-24,삼성전자우,57500,57800,57200,57200,744591,-0.0034843205574912606
2023-11-27,삼성전자우,57200,57600,56800,57000,742071,-0.0034965034965035446
2023-11-28,삼성전자우,57300,58000,57100,57900,1020352,0.015789473684210575
2023-11-29,삼성전자우,57800,57900,57500,57800,439370,-0.0017271157167529916
2023-11-30,삼성전자우,57600,58000,57300,57900,2131331,0.0017301038062282892
2023-11-01,현대차,170800,171500,169400,170300,450423,0.003535651149086716
2023-11-02,현대차,172000,175100,171500,172000,661435,0.009982384028185631
2023-11-03,현대차,175000,175400,172700,173400,431491,0.008139534883720989
2023-11-06,현대차,175400,177900,174900,177900,661383,0.02595155709342567
2023-11-07,현대차,177500,177500,174200,176100,532443,-0.010118043844856706
2023-11-08,현대차,177900,179000,174500,174800,395162,-0.007382169222032942
2023-11-09,현대차,174700,175700,174200,174700,384071,-0.0005720823798627261
2023-11-10,현대차,173800,175300,173500,173700,255065,-0.005724098454493398
2023-11-13,현대차,175000,175000,172800,173300,348523,-0.0023028209556706924
2023-11-14,현대차,174900,175900,173900,175200,329429,0.010963646855164377
2023-11-15,현대차,178700,182600,178600,182500,806741,0.04166666666666674
2023-11-16,현대차,182500,186400,181800,184800,432174,0.012602739726027323
2023-11-17,현대차,185900,185900,183500,184400,259919,-0.0021645021645021467
2023-11-20,현대차,184400,184900,182100,183600,277906,-0.004338394793926281
2023-11-21,현대차,184700,184800,183500,184200,252833,0.0032679738562091387
2023-11-22,현대차,182300,183400,181200,183000,219027,-0.006514657980456029
2023-11-23,현대차,183600,185000,182400,184800,240354,0.009836065573770592
2023-11-24,현대차,184600,185600,183900,184000,161656,-0.0043290043290042934
2023-11-27,현대차,184000,185700,184000,184900,188306,0.004891304347826031
2023-11-28,현대차,185900,185900,183600,185700,269820,0.004326663061114067
2023-11-29,현대차,185700,186500,184700,184800,298485,-0.004846526655896577
2023-11-30,현대차,184200,184900,182100,184300,574490,-0.0027056277056276556
2023-11-01,POSCO홀딩스,412500,418500,399500,402500,883988,-0.021871202916160404
2023-11-02,POSCO홀딩스,413500,427500,413000,427500,815086,0.06211180124223592
2023-11-03,POSCO홀딩스,444000,444000,428000,438000,872168,0.024561403508772006
2023-11-06,POSCO홀딩스,471000,527000,462000,522000,3341452,0.19178082191780832
2023-11-07,POSCO홀딩스,510000,511000,452000,464500,2357481,-0.11015325670498088
2023-11-08,POSCO홀딩스,456500,474000,453500,456500,938184,-0.017222820236813763
2023-11-09,POSCO홀딩스,460000,466000,444000,460500,798154,0.008762322015334112
2023-11-10,POSCO홀딩스,450000,455500,445000,447500,483230,-0.028230184581976125
2023-11-13,POSCO홀딩스,455000,462500,450000,452000,548925,0.010055865921787754
2023-11-14,POSCO홀딩스,459000,481000,458500,471500,892775,0.04314159292035402
2023-11-15,POSCO홀딩스,494000,494000,468500,474000,787775,0.005302226935312904
2023-11-16,POSCO홀딩스,470000,475000,465500,467000,477203,-0.014767932489451518
2023-11-17,POSCO홀딩스,459500,465000,453000,463500,499297,-0.00749464668094213
2023-11-20,POSCO홀딩스,463500,477000,459500,472000,462658,0.01833872707659112
2023-11-21,POSCO홀딩스,474000,477000,466500,474000,418594,0.004237288135593209
2023-11-22,POSCO홀딩스,468500,475500,467500,472000,314942,-0.00421940928270037
2023-11-23,POSCO홀딩스,470000,475000,467500,475000,295399,0.006355932203389925
2023-11-24,POSCO홀딩스,476500,481500,471500,472500,371597,-0.0052631578947368585
2023-11-27,POSCO홀딩스,473000,475000,466000,468000,328044,-0.00952380952380949
2023-11-28,POSCO홀딩스,468000,478000,467500,478000,417140,0.02136752136752129
2023-11-29,POSCO홀딩스,480000,485500,474000,483000,537203,0.010460251046025215
2023-11-30,POSCO홀딩스,481000,488500,477500,483000,562014,0.0
2023-11-01,NAVER,190000,191600,187000,187700,511161,0.0016008537886873508
2023-11-02,NAVER,191100,192700,190300,190800,633508,0.01651571656899309
2023-11-03,NAVER,195800,200500,193100,200500,1272388,0.050838574423480054
2023-11-06,NAVER,204500,207500,200000,205500,1000560,0.02493765586034913
2023-11-07,NAVER,202500,204000,197600,200500,782666,-0.024330900243308973
2023-11-08,NAVER,200000,202000,197400,197400,586525,-0.015461346633416473
2023-11-09,NAVER,197100,200500,196000,198200,592942,0.004052684903748771
2023-11-10,NAVER,196300,198500,193500,194700,674585,-0.017658930373360193
2023-11-13,NAVER,197400,199000,192500,192600,499910,-0.01078582434514641
2023-11-14,NAVER,194100,198900,194000,198600,478385,0.031152647975077885
2023-11-15,NAVER,203500,206000,202000,205500,846436,0.03474320241691853
2023-11-16,NAVER,204000,204500,200500,203000,425403,-0.012165450121654486
2023-11-17,NAVER,203000,204000,200000,202000,406874,-0.0049261083743842304
2023-11-20,NAVER,200500,203500,200000,202500,272327,0.0024752475247524774
2023-11-21,NAVER,205000,207500,204000,204500,463033,0.009876543209876631
2023-11-22,NAVER,202500,207500,200500,207500,357391,0.014669926650366705
2023-11-23,NAVER,206500,208000,204500,205500,345224,-0.009638554216867434
2023-11-24,NAVER,205500,207500,204000,205500,335280,0.0
2023-11-27,NAVER,205500,211000,205000,206000,538210,0.0024330900243310083
2023-11-28,NAVER,208000,210000,204500,207500,550801,0.00728155339805836
2023-11-29,NAVER,208500,209000,205500,207500,496563,0.0
2023-11-30,NAVER,206500,209500,206500,208000,642304,0.002409638554216942
2023-11-01,기아,77400,77900,76800,77400,754912,0.006501950585175553
2023-11-02,기아,77900,79700,77700,78500,1387393,0.01421188630490966
2023-11-03,기아,79200,79400,77200,77600,1314264,-0.01146496815286624
2023-11-06,기아,78700,79200,77900,79000,2083115,0.018041237113401998
2023-11-07,기아,78600,78700,77300,77500,1285076,-0.01898734177215189
2023-11-08,기아,77800,77900,77000,77000,1038502,-0.006451612903225823
2023-11-09,기아,77300,77900,77000,77500,837826,0.006493506493506551
2023-11-10,기아,77000,77900,77000,77000,660121,-0.006451612903225823
2023-11-13,기아,77600,77700,77000,77000,518786,0.0
2023-11-14,기아,77700,78500,77300,78200,1037469,0.01558441558441559
2023-11-15,기아,80100,82200,79900,81500,2150765,0.0421994884910486
2023-11-16,기아,81600,84500,81300,84500,2107692,0.036809815950920255
2023-11-17,기아,84100,85300,83600,85200,1271006,0.008284023668639007
2023-11-20,기아,84600,84900,83700,84400,973922,-0.009389671361502372
2023-11-21,기아,84400,84600,83600,83600,916802,-0.009478672985781977
2023-11-22,기아,83000,83400,82200,83100,730476,-0.005980861244019087
2023-11-23,기아,83100,84600,82700,84500,636051,0.016847172081829065
2023-11-24,기아,84500,84700,83700,84200,594791,-0.0035502958579881616
2023-11-27,기아,84200,85000,83900,84100,539991,-0.001187648456057011
2023-11-28,기아,84900,84900,83700,84600,774545,0.005945303210463715
2023-11-29,기아,84200,86200,84200,86000,1346329,0.016548463356973908
2023-11-30,기아,85800,86800,84700,85900,1896215,-0.0011627906976744429
2023-11-01,LG화학,440500,444000,429500,431000,352808,-0.020454545454545503
2023-11-02,LG화학,440000,458000,438000,455500,285900,0.05684454756380508
2023-11-03,LG화학,466000,474500,463500,471000,296159,0.034028540065861757
2023-11-06,LG화학,499000,529000,487500,521000,713254,0.10615711252653925
2023-11-07,LG화학,509000,512000,483500,492000,539187,-0.05566218809980805
2023-11-08,LG화학,496500,505000,474500,478000,276747,-0.028455284552845517
2023-11-09,LG화학,477000,482000,463500,467500,378393,-0.021966527196652708
2023-11-10,LG화학,460500,461000,450500,457500,192219,-0.021390374331550777
2023-11-13,LG화학,460000,466500,452000,453500,180132,-0.008743169398907069
2023-11-14,LG화학,464000,473000,460000,465000,196531,0.025358324145534628
2023-11-15,LG화학,483500,486000,474500,480000,261064,0.032258064516129004
2023-11-16,LG화학,477000,483500,473500,480000,141192,0.0
2023-11-17,LG화학,478000,489500,476500,484000,195198,0.008333333333333304
2023-11-20,LG화학,481000,503000,481000,493500,236740,0.019628099173553792
2023-11-21,LG화학,502000,505000,493500,501000,173343,0.015197568389057725
2023-11-22,LG화학,496000,508000,495000,504000,137990,0.0059880239520957446
2023-11-23,LG화학,505000,527000,505000,519000,339574,0.029761904761904656
2023-11-24,LG화학,527000,537000,513000,514000,269104,-0.009633911368015391
2023-11-27,LG화학,519000,520000,504000,506000,159379,-0.015564202334630295
2023-11-28,LG화학,509000,517000,502000,504000,195567,-0.0039525691699604515
2023-11-29,LG화학,507000,511000,495500,504000,326444,0.0
2023-11-30,LG화학,499000,506000,498000,501000,287538,-0.005952380952380931
2023-11-01,삼성SDI,430000,443500,422500,425500,389358,0.0
2023-11-02,삼성SDI,436500,454000,434500,451000,445802,0.059929494712103404
2023-11-03,삼성SDI,458000,465000,450500,454000,323288,0.006651884700665134
2023-11-06,삼성SDI,478000,522000,465500,506000,979940,0.1145374449339207
2023-11-07,삼성SDI,495000,495500,458000,466000,642838,-0.07905138339920947
2023-11-08,삼성SDI,470500,474500,450000,450000,380310,-0.03433476394849788
2023-11-09,삼성SDI,450000,454000,436500,439500,354047,-0.023333333333333317
2023-11-10,삼성SDI,427000,429500,418000,420000,387751,-0.04436860068259385
2023-11-13,삼성SDI,424000,430000,417000,417000,277544,-0.0071428571428571175
2023-11-14,삼성SDI,426500,441500,425500,435000,373809,0.043165467625899234
2023-11-15,삼성SDI,450000,452000,444000,448500,385615,0.03103448275862064
2023-11-16,삼성SDI,448500,461000,444500,455000,243428,0.01449275362318847
2023-11-17,삼성SDI,450000,452500,443000,444000,216245,-0.0241758241758242
2023-11-20,삼성SDI,446000,465000,446000,460500,237729,0.03716216216216206
2023-11-21,삼성SDI,470000,474000,461000,466000,305803,0.011943539630836053
2023-11-22,삼성SDI,462500,474500,462500,471500,214222,0.011802575107296098
2023-11-23,삼성SDI,471500,481000,467000,475000,191498,0.007423117709437932
2023-11-24,삼성SDI,476000,479500,463000,463000,250887,-0.025263157894736876
2023-11-27,삼성SDI,465000,466500,453000,453500,206628,-0.02051835853131745
2023-11-28,삼성SDI,456500,459500,452500,455000,219732,0.00330760749724357
2023-11-29,삼성SDI,460500,474500,454000,471500,245968,0.03626373626373636
2023-11-30,삼성SDI,471000,473500,463500,472000,383120,0.0010604453870626251
2023-11-01,포스코퓨처엠,240500,246000,231500,233500,968352,-0.012684989429175508
2023-11-02,포스코퓨처엠,242000,259500,240500,259500,1121030,0.11134903640256955
2023-11-03,포스코퓨처엠,271500,272500,260000,269000,1352525,0.03660886319845846
2023-11-06,포스코퓨처엠,320000,349500,307000,349500,3296384,0.2992565055762082
2023-11-07,포스코퓨처엠,348500,361000,300000,311000,3072294,-0.11015736766809725
2023-11-08,포스코퓨처엠,307000,324500,296500,300000,1381755,-0.03536977491961413
2023-11-09,포스코퓨처엠,305500,308500,282000,291500,1327132,-0.02833333333333332
2023-11-10,포스코퓨처엠,281500,284000,274000,277000,681972,-0.04974271012006859
2023-11-13,포스코퓨처엠,284500,289000,274000,274500,723014,-0.009025270758122761
2023-11-14,포스코퓨처엠,281500,302000,279000,295500,1268064,0.07650273224043724
2023-11-15,포스코퓨처엠,317500,320000,293000,297500,1120565,0.006768189509306355
2023-11-16,포스코퓨처엠,297000,303000,289000,293500,701953,-0.013445378151260456
2023-11-17,포스코퓨처엠,288000,293000,283000,286000,552165,-0.02555366269165249
2023-11-20,포스코퓨처엠,284500,305000,284000,300500,761493,0.05069930069930062
2023-11-21,포스코퓨처엠,303000,306500,295500,303500,584121,0.009983361064891838
2023-11-22,포스코퓨처엠,300000,313500,300000,303500,561263,0.0
2023-11-23,포스코퓨처엠,303500,307000,298500,306000,326827,0.008237232289950658
2023-11-24,포스코퓨처엠,310500,322000,303500,303500,753792,-0.008169934640522847
2023-11-27,포스코퓨처엠,308000,308000,299500,300000,410302,-0.011532125205930832
2023-11-28,포스코퓨처엠,300000,310000,300000,304500,405263,0.014999999999999902
2023-11-29,포스코퓨처엠,312500,328500,305000,327500,1061690,0.0755336617405582
2023-11-30,포스코퓨처엠,320500,328000,317500,324500,889073,-0.009160305343511421
2023-11-01,셀트리온,149700,150000,149100,149400,468825,-0.0006688963210702559
2023-11-02,셀트리온,149800,150000,149000,149800,542480,0.0026773761713521083
2023-11-03,셀트리온,149700,150100,149100,149900,454326,0.0006675567423231055
2023-11-06,셀트리온,152200,157900,151500,157900,1197662,0.053368912608405594
2023-11-07,셀트리온,160300,161500,154000,155600,1245249,-0.014566181127295796
2023-11-08,셀트리온,156700,158700,155800,157500,592520,0.012210796915167021
2023-11-09,셀트리온,157800,159500,156000,158000,701722,0.0031746031746031633
2023-11-10,셀트리온,157000,159100,156600,157200,546992,-0.005063291139240533
2023-11-13,셀트리온,157700,158400,155800,156800,620970,-0.0025445292620864812
2023-11-14,셀트리온,157900,159500,157300,159100,350954,0.014668367346938771
2023-11-15,셀트리온,161200,165000,160300,165000,637929,0.037083595223130095
2023-11-16,셀트리온,166000,168200,165100,168200,516886,0.019393939393939297
2023-11-17,셀트리온,168800,169300,167100,168400,402600,0.0011890606420927874
2023-11-20,셀트리온,167900,170500,167500,169900,368107,0.008907363420427528
2023-11-21,셀트리온,169900,172200,169500,172200,354688,0.01353737492642737
2023-11-22,셀트리온,171900,172800,170000,172300,374864,0.0005807200929153211
2023-11-23,셀트리온,171500,173000,171100,172900,311317,0.0034822983168891763
2023-11-24,셀트리온,173100,173200,167000,168000,514846,-0.028340080971659964
2023-11-27,셀트리온,166700,167800,161600,162800,457392,-0.030952380952380953
2023-11-28,셀트리온,162800,165500,162800,165000,301166,0.013513513513513598
2023-11-29,셀트리온,164000,164900,161600,161700,296616,-0.020000000000000018
2023-11-30,셀트리온,161000,163000,160600,162900,370771,0.007421150278293043
2023-11-01,카카오,38000,38300,37450,37600,1272093,-0.005291005291005346
2023-11-02,카카오,38000,38600,37900,38550,1529650,0.025265957446808596
2023-11-03,카카오,39250,41550,38900,41300,3675484,0.07133592736705574
2023-11-06,카카오,43000,44700,42300,44700,4871031,0.08232445520581111
2023-11-07,카카오,44700,44750,42850,43750,2026104,-0.021252796420581643
2023-11-08,카카오,44350,45000,43850,43950,1515109,0.004571428571428671
2023-11-09,카카오,43450,46500,43450,45600,3198261,0.03754266211604085
2023-11-10,카카오,45800,46100,45000,45650,1978790,0.0010964912280702066
2023-11-13,카카오,45800,46450,44900,45000,1288632,-0.014238773274917849
2023-11-14,카카오,46150,46950,45500,46350,1718239,0.030000000000000027
2023-11-15,카카오,47200,48450,46800,48300,2792797,0.04207119741100329
2023-11-16,카카오,47400,48250,46850,48200,1565115,-0.0020703933747412417
2023-11-17,카카오,48150,48150,47200,47500,1144308,-0.014522821576763434
2023-11-20,카카오,47250,48150,47000,47800,929546,0.006315789473684275
2023-11-21,카카오,48300,49600,48300,49250,2483017,0.030334728033472702
2023-11-22,카카오,48750,51000,48250,50300,2467921,0.02131979695431463
2023-11-23,카카오,50400,50600,49600,50300,1394573,0.0
2023-11-24,카카오,50400,50900,50000,50500,1011208,0.003976143141153132
2023-11-27,카카오,50800,51000,49300,49850,1480318,-0.012871287128712883
2023-11-28,카카오,50000,51200,49800,51100,1423510,0.02507522567703102
2023-11-29,카카오,50800,51300,50100,50500,1284120,-0.011741682974559686
2023-11-30,카카오,50200,50900,50000,50500,1613598,0.0
2023-11-01,삼성물산,107400,107900,105100,106300,227227,-0.0037488284910964786
2023-11-02,삼성물산,107500,108300,105700,107100,203475,0.007525870178739513
2023-11-03,삼성물산,107900,107900,106500,107300,128529,0.0018674136321195078
2023-11-06,삼성물산,107500,109900,106900,109900,300052,0.024231127679403608
2023-11-07,삼성물산,108900,110100,108500,110100,250727,0.0018198362147405778
2023-11-08,삼성물산,110800,111700,110100,111700,290970,0.014532243415077195
2023-11-09,삼성물산,111600,116500,111600,116200,598122,0.040286481647269445
2023-11-10,삼성물산,115100,116000,113800,114900,205391,-0.011187607573149738
2023-11-13,삼성물산,116000,116900,114800,116700,186949,0.015665796344647598
2023-11-14,삼성물산,117200,117200,115800,115800,226137,-0.007712082262210762
2023-11-15,삼성물산,117400,118300,116700,118300,315982,0.021588946459412783
2023-11-16,삼성물산,118300,118300,116700,117800,123581,-0.004226542688081203
2023-11-17,삼성물산,118000,118200,116700,117900,115136,0.000848896434634927
2023-11-20,삼성물산,118100,118200,116200,116900,127562,-0.008481764206955011
2023-11-21,삼성물산,117800,118700,117000,118700,173859,0.015397775876817787
2023-11-22,삼성물산,117800,118600,117400,118200,94566,-0.004212299915754003
2023-11-23,삼성물산,117700,118700,117500,118400,103239,0.0016920473773265332
2023-11-24,삼성물산,117900,118300,115600,116100,181830,-0.019425675675675658
2023-11-27,삼성물산,115700,117000,115700,117000,100024,0.007751937984496138
2023-11-28,삼성물산,118000,119000,117100,119000,204863,0.017094017094017033
2023-11-29,삼성물산,118300,119100,117800,117800,155727,-0.010084033613445342
2023-11-30,삼성물산,117800,119300,117100,119300,526992,0.012733446519524572
2023-11-01,KB금융,50900,51800,50700,51300,830942,-0.003883495145631022
2023-11-02,KB금융,51700,52300,50800,51000,834704,-0.005847953216374324
2023-11-03,KB금융,51700,52800,51400,52600,730337,0.031372549019607954
2023-11-06,KB금융,53000,55700,52300,55700,1130725,0.05893536121673004
2023-11-07,KB금융,54700,54700,52100,52300,1335460,-0.06104129263913827
2023-11-08,KB금융,51500,52500,51500,52100,829548,-0.003824091778202643
2023-11-09,KB금융,52100,53900,52100,53400,1423056,0.0249520153550864
2023-11-10,KB금융,52900,53700,52800,53500,611038,0.001872659176029856
2023-11-13,KB금융,54200,54200,52700,52900,593164,-0.01121495327102806
2023-11-14,KB금융,53400,53900,53000,53500,766748,0.011342155009451904
2023-11-15,KB금융,54400,55000,53500,54600,1157012,0.020560747663551426
2023-11-16,KB금융,54400,54800,53600,54300,580108,-0.005494505494505475
2023-11-17,KB금융,54200,54800,54000,54600,470739,0.005524861878453136
2023-11-20,KB금융,53500,54500,52700,53900,703966,-0.012820512820512775
2023-11-21,KB금융,53700,54500,53600,54100,921302,0.0037105751391466324
2023-11-22,KB금융,53600,54700,53300,54500,573536,0.007393715341959428
2023-11-23,KB금융,54900,56000,54200,54300,907567,-0.003669724770642202
2023-11-24,KB금융,54600,54600,53700,53700,469824,-0.011049723756906049
2023-11-27,KB금융,53200,53600,52300,52400,1286094,-0.02420856610800748
2023-11-28,KB금융,51600,52700,51100,52400,1415178,0.0
2023-11-29,KB금융,51800,52200,51500,51700,1022798,-0.013358778625954248
2023-11-30,KB금융,51700,52600,51500,52400,1465252,0.013539651837524147
2023-11-01,현대모비스,210000,214500,209500,212500,164290,0.01918465227817756
2023-11-02,현대모비스,217000,223000,216500,218500,211056,0.028235294117647136
2023-11-03,현대모비스,222000,222500,215500,218000,120898,-0.0022883295194507935
2023-11-06,현대모비스,220000,228000,218500,228000,190927,0.04587155963302747
2023-11-07,현대모비스,225500,226000,220500,224000,172965,-0.01754385964912286
2023-11-08,현대모비스,227000,227500,221500,222500,105091,-0.006696428571428603
2023-11-09,현대모비스,225500,227000,222500,224000,134909,0.006741573033707926
2023-11-10,현대모비스,222000,224000,220500,223000,51705,-0.004464285714285698
2023-11-13,현대모비스,224000,224500,220500,221500,59259,-0.006726457399103158
2023-11-14,현대모비스,224000,224500,222500,222500,90909,0.004514672686230181
2023-11-15,현대모비스,227500,229500,226000,228000,171564,0.024719101123595433
2023-11-16,현대모비스,228000,232000,227000,230500,113899,0.010964912280701844
2023-11-17,현대모비스,231000,231000,226000,229500,76943,-0.004338394793926281
2023-11-20,현대모비스,226000,228500,223000,225500,160966,-0.017429193899782147
2023-11-21,현대모비스,228000,232000,226500,231500,103110,0.026607538802660757
2023-11-22,현대모비스,227500,231000,227000,229500,80745,-0.008639308855291628
2023-11-23,현대모비스,229500,234500,229500,233000,85826,0.015250544662309462
2023-11-24,현대모비스,232000,234000,230500,232500,40335,-0.0021459227467811592
2023-11-27,현대모비스,233500,233500,230000,232000,57610,-0.0021505376344086446
2023-11-28,현대모비스,234000,234000,230500,233500,102930,0.006465517241379226
2023-11-29,현대모비스,231500,233500,229500,230500,102655,-0.012847965738758016
2023-11-30,현대모비스,227500,232000,226500,229000,242068,-0.006507592190889366
2023-11-01,신한지주,34750,35100,34450,35000,742924,0.007194244604316502
2023-11-02,신한지주,35050,35500,34350,34500,1219824,-0.014285714285714235
2023-11-03,신한지주,34950,35050,34700,34900,805662,0.011594202898550732
2023-11-06,신한지주,35000,36100,34750,36100,1117837,0.034383954154727725
2023-11-07,신한지주,35400,35650,34750,35050,1178490,-0.02908587257617734
2023-11-08,신한지주,35350,35450,34700,34900,765310,-0.004279600570613384
2023-11-09,신한지주,34750,35150,34750,34800,816083,-0.002865329512893977
2023-11-10,신한지주,34750,35400,34750,35300,886013,0.014367816091954033
2023-11-13,신한지주,35600,35600,35150,35400,472602,0.0028328611898016387
2023-11-14,신한지주,35750,36000,35450,35700,764704,0.008474576271186418
2023-11-15,신한지주,36350,36400,35850,36300,1201910,0.01680672268907557
2023-11-16,신한지주,36400,36600,36050,36350,611301,0.0013774104683195176
2023-11-17,신한지주,36300,36500,35950,36100,502726,-0.00687757909215958
2023-11-20,신한지주,36000,36500,35850,36300,506681,0.005540166204986097
2023-11-21,신한지주,36550,37000,36350,36950,969640,0.017906336088154173
2023-11-22,신한지주,36550,37000,36550,36850,474085,-0.0027063599458727605
2023-11-23,신한지주,36700,37350,36700,36950,609988,0.0027137042062415073
2023-11-24,신한지주,37050,37100,36750,36750,404462,-0.005412719891745632
2023-11-27,신한지주,36500,37000,36450,36750,601759,0.0
2023-11-28,신한지주,37050,37100,36600,37000,742029,0.006802721088435382
2023-11-29,신한지주,36600,36950,36200,36300,726167,-0.018918918918918948
2023-11-30,신한지주,36200,36900,36050,36900,1461987,0.016528925619834656
2023-11-01,LG전자,101100,101900,100000,100300,426695,0.006018054162487463
2023-11-02,LG전자,102100,103000,99600,99700,1102768,-0.005982053838484491
2023-11-03,LG전자,100900,101700,100400,101400,524655,0.01705115346038122
2023-11-06,LG전자,103900,105300,102700,105300,794809,0.03846153846153855
2023-11-07,LG전자,105000,105000,102600,103400,500058,-0.018043684710351338
2023-11-08,LG전자,104600,106400,102700,102800,578249,-0.005802707930367523
2023-11-09,LG전자,103100,104900,103000,103700,390517,0.008754863813229541
2023-11-10,LG전자,103300,104200,102100,103700,315618,0.0
2023-11-13,LG전자,105100,105100,102100,102100,336661,-0.015429122468659573
2023-11-14,LG전자,103100,104100,102600,103300,293782,0.011753183153770719
2023-11-15,LG전자,105700,106800,104700,106700,656732,0.03291384317521784
2023-11-16,LG전자,106600,111800,106500,108400,1367614,0.015932521087160367
2023-11-17,LG전자,109100,109100,105600,105700,558146,-0.024907749077490826
2023-11-20,LG전자,106100,107400,105300,106600,360450,0.008514664143803197
2023-11-21,LG전자,106900,109400,106900,108400,553572,0.016885553470919357
2023-11-22,LG전자,107900,108200,106600,107600,362536,-0.0073800738007380184
2023-11-23,LG전자,107900,108200,105300,106000,536208,-0.014869888475836479
2023-11-24,LG전자,106300,106800,104800,104900,359388,-0.010377358490566091
2023-11-27,LG전자,105300,106000,103800,104100,418757,-0.007626310772163913
2023-11-28,LG전자,105000,105800,103700,104500,543628,0.003842459173871271
2023-11-29,LG전자,104200,104900,103000,103400,536827,-0.010526315789473717
2023-11-30,LG전자,103000,104000,102500,102700,925212,-0.0067698259187620735
2023-11-01,삼성생명,72400,72800,71500,72700,194458,0.0055325034578146415
2023-11-02,삼성생명,72900,73400,69600,70100,375774,-0.03576341127922966
2023-11-03,삼성생명,70400,70500,68800,70000,275939,-0.0014265335235378318
2023-11-06,삼성생명,70000,70300,68100,69100,627701,-0.0128571428571429
2023-11-07,삼성생명,68700,69100,68300,69100,195838,0.0
2023-11-08,삼성생명,69400,69400,68300,68400,183574,-0.01013024602026047
2023-11-09,삼성생명,68000,69400,68000,69300,146685,0.013157894736842035
2023-11-10,삼성생명,68700,69700,68500,69700,96591,0.005772005772005873
2023-11-13,삼성생명,70000,70100,69200,69800,108270,0.0014347202295552641
2023-11-14,삼성생명,70500,70600,69700,69800,146194,0.0
2023-11-15,삼성생명,70700,70900,69100,69500,379725,-0.004297994269340966
2023-11-16,삼성생명,69100,69600,68900,69500,173794,0.0
2023-11-17,삼성생명,69100,69800,69000,69100,123935,-0.0057553956834532904
2023-11-20,삼성생명,69000,69500,68800,69200,91296,0.0014471780028944004
2023-11-21,삼성생명,69500,69600,69200,69500,164204,0.004335260115607031
2023-11-22,삼성생명,69200,69900,69100,69600,80811,0.0014388489208632116
2023-11-23,삼성생명,69500,70300,69500,70300,127556,0.010057471264367734
2023-11-24,삼성생명,70500,70500,69700,69800,80835,-0.007112375533428139
2023-11-27,삼성생명,70200,70200,69300,69700,96976,-0.0014326647564469885
2023-11-28,삼성생명,70100,70400,69600,70400,157286,0.010043041606886627
2023-11-29,삼성생명,69700,70400,69300,69400,108883,-0.014204545454545414
2023-11-30,삼성생명,69700,70000,69000,70000,229737,0.008645533141210304
2023-11-01,SK이노베이션,123400,126200,120100,120400,486450,-0.014729950900163713
2023-11-02,SK이노베이션,122000,127900,122000,127600,750765,0.05980066445182719
2023-11-03,SK이노베이션,130800,142000,128500,137100,2182595,0.07445141065830718
2023-11-06,SK이노베이션,145000,158600,141600,155500,2562784,0.1342086068563093
2023-11-07,SK이노베이션,153000,153000,140900,144500,1494573,-0.07073954983922826
2023-11-08,SK이노베이션,144000,147000,139000,139000,774289,-0.03806228373702425
2023-11-09,SK이노베이션,139700,140000,135600,136000,566872,-0.021582733812949617
2023-11-10,SK이노베이션,133600,133600,131100,131300,427428,-0.03455882352941175
2023-11-13,SK이노베이션,132700,134800,130400,131000,371436,-0.0022848438690022954
2023-11-14,SK이노베이션,133100,136500,132400,134300,497182,0.02519083969465652
2023-11-15,SK이노베이션,139500,140500,137800,139700,599931,0.04020848845867464
2023-11-16,SK이노베이션,141000,141000,137900,138800,354823,-0.006442376521116677
2023-11-17,SK이노베이션,137100,137300,135200,136100,316282,-0.019452449567723296
2023-11-20,SK이노베이션,137400,140900,136600,140600,339299,0.03306392358559873
2023-11-21,SK이노베이션,141400,142300,139200,142200,341776,0.011379800853485111
2023-11-22,SK이노베이션,140900,142800,140200,142300,210744,0.0007032348804500987
2023-11-23,SK이노베이션,142300,144000,141300,142700,201099,0.0028109627547434624
2023-11-24,SK이노베이션,143300,144000,141100,141500,181347,-0.008409250175192673
2023-11-27,SK이노베이션,141500,141900,139500,140000,195480,-0.010600706713780883
2023-11-28,SK이노베이션,141000,142800,140400,141300,226814,0.009285714285714342
2023-11-29,SK이노베이션,141800,142700,140100,142300,261047,0.007077140835102691
2023-11-30,SK이노베이션,141600,143100,140100,143100,325130,0.005621925509486925
2023-11-01,LG,77300,78300,76600,77500,135688,0.0038860103626943143
2023-11-02,LG,78800,79800,77800,78300,124333,0.010322580645161228
2023-11-03,LG,79200,79800,78600,79000,125591,0.008939974457215838
2023-11-06,LG,79300,84600,78500,84600,225945,0.07088607594936702
2023-11-07,LG,82900,83100,80500,82400,236797,-0.026004728132387744
2023-11-08,LG,83100,83900,81100,81500,128795,-0.01092233009708743
2023-11-09,LG,80900,82700,80900,82700,109301,0.014723926380368013
2023-11-10,LG,81900,82700,80800,81300,61896,-0.016928657799274438
2023-11-13,LG,82200,83000,81200,81800,80501,0.006150061500614923
2023-11-14,LG,82800,82900,81300,81300,276869,-0.006112469437652757
2023-11-15,LG,82900,84400,82400,84300,212557,0.03690036900368998
2023-11-16,LG,84000,84900,83700,84900,115476,0.007117437722419906
2023-11-17,LG,85700,85700,84600,85300,91990,0.004711425206124886
2023-11-20,LG,85300,86200,84800,85400,88990,0.0011723329425556983
2023-11-21,LG,86600,86600,85500,86500,112736,0.012880562060889833
2023-11-22,LG,85300,86100,84600,85100,83501,-0.016184971098265888
2023-11-23,LG,84300,84900,83000,83400,136500,-0.0199764982373678
2023-11-24,LG,83000,83400,82200,82200,101601,-0.014388489208633115
2023-11-27,LG,82600,82600,80900,81700,108969,-0.006082725060827299
2023-11-28,LG,82500,83500,81700,83000,185416,0.01591187270501826
2023-11-29,LG,82300,83200,81600,82200,148070,-0.009638554216867434
2023-11-30,LG,81900,84100,81600,84100,387163,0.02311435523114347
2023-11-01,삼성에스디에스,138300,140000,136500,138100,87738,-0.0007235890014472002
2023-11-02,삼성에스디에스,140900,140900,137500,138200,86466,0.0007241129616220032
2023-11-03,삼성에스디에스,139800,140000,136600,137500,112548,-0.00506512301013029
2023-11-06,삼성에스디에스,135200,135900,131200,135700,279487,-0.013090909090909042
2023-11-07,삼성에스디에스,134300,137500,134100,137200,164390,0.011053795136330091
2023-11-08,삼성에스디에스,139800,142900,139200,141800,169851,0.03352769679300294
2023-11-09,삼성에스디에스,142000,144500,140000,143700,126107,0.013399153737658764
2023-11-10,삼성에스디에스,142300,144800,141800,144100,68170,0.0027835768963118124
2023-11-13,삼성에스디에스,145000,145000,141700,144200,84348,0.000693962526023606
2023-11-14,삼성에스디에스,145500,145500,142600,143600,82626,-0.004160887656033285
2023-11-15,삼성에스디에스,146200,149900,145600,149800,197621,0.04317548746518107
2023-11-16,삼성에스디에스,148700,149100,146400,147500,86635,-0.015353805073431204
2023-11-17,삼성에스디에스,148200,149400,146200,147600,105821,0.0006779661016949046
2023-11-20,삼성에스디에스,147500,147500,144200,145500,73442,-0.014227642276422814
2023-11-21,삼성에스디에스,147500,147500,144700,145800,61211,0.0020618556701030855
2023-11-22,삼성에스디에스,143300,147700,143300,146400,69622,0.004115226337448652
2023-11-23,삼성에스디에스,146100,148000,145400,147300,60018,0.006147540983606481
2023-11-24,삼성에스디에스,147800,155900,147800,155200,355479,0.05363204344874406
2023-11-27,삼성에스디에스,155200,159600,154500,158900,242077,0.023840206185566926
2023-11-28,삼성에스디에스,159500,159500,156500,158800,110475,-0.0006293266205160686
2023-11-29,삼성에스디에스,159600,166800,159400,166200,451119,0.046599496221662484
2023-11-30,삼성에스디에스,166100,168600,165500,168400,310207,0.013237063778579916
2023-11-01,삼성화재,259500,262000,256500,260000,65475,0.005802707930367523
2023-11-02,삼성화재,260500,264000,253000,253500,98310,-0.025000000000000022
2023-11-03,삼성화재,254000,254000,234000,248500,141534,-0.01972386587771202
2023-11-06,삼성화재,249000,263000,244000,263000,154502,0.05835010060362178
2023-11-07,삼성화재,256500,256500,244000,248000,101477,-0.057034220532319435
2023-11-08,삼성화재,249500,250000,241000,244000,90698,-0.016129032258064502
2023-11-09,삼성화재,242000,249500,239000,248500,82957,0.018442622950819665
2023-11-10,삼성화재,246500,250000,245500,250000,45118,0.006036217303822866
2023-11-13,삼성화재,250500,253000,248500,251500,85193,0.006000000000000005
2023-11-14,삼성화재,254000,255500,247500,248500,72634,-0.011928429423459286
2023-11-15,삼성화재,248500,250000,239000,245500,153942,-0.012072434607645843
2023-11-16,삼성화재,247000,249500,245500,249500,84014,0.016293279022403295
2023-11-17,삼성화재,250500,252000,245000,245000,56416,-0.018036072144288595
2023-11-20,삼성화재,246000,251500,245000,249500,45697,0.01836734693877551
2023-11-21,삼성화재,251500,251500,247500,248500,57005,-0.004008016032064132
2023-11-22,삼성화재,248000,254000,248000,254000,44417,0.02213279678068414
2023-11-23,삼성화재,254000,264000,253500,262000,79321,0.03149606299212593
2023-11-24,삼성화재,263000,268500,261000,261500,74308,-0.001908396946564861
2023-11-27,삼성화재,264000,266000,260500,265000,68360,0.013384321223709472
2023-11-28,삼성화재,267500,272000,265000,271000,98577,0.02264150943396226
2023-11-29,삼성화재,267000,268500,261000,262000,58997,-0.03321033210332103
2023-11-30,삼성화재,261000,263000,255000,260000,181267,-0.007633587786259555
2023-11-01,SK,145000,148800,143800,144900,158505,0.02042253521126769
2023-11-02,SK,147400,149700,146400,148900,150198,0.027605244996549372
2023-11-03,SK,150400,155700,150200,155500,208087,0.04432505036937551
2023-11-06,SK,157300,160800,156100,160800,225211,0.034083601286173604
2023-11-07,SK,159000,161000,156400,159900,193782,-0.005597014925373123
2023-11-08,SK,161800,161800,157100,159900,125723,0.0
2023-11-09,SK,158600,161900,158600,159600,164418,-0.0018761726078799779
2023-11-10,SK,159100,160200,157100,159600,82496,0.0
2023-11-13,SK,159000,159300,154200,155600,118882,-0.02506265664160401
2023-11-14,SK,157500,160700,156700,158600,125092,0.019280205655527016
2023-11-15,SK,161900,164700,161900,163800,177563,0.032786885245901676
2023-11-16,SK,163000,164600,162500,164600,100759,0.004884004884004867
2023-11-17,SK,164900,164900,161400,163000,90086,-0.009720534629404587
2023-11-20,SK,163000,164400,161100,163700,80679,0.004294478527607337
2023-11-21,SK,164500,164600,161800,164000,99448,0.0018326206475258733
2023-11-22,SK,162700,164500,162200,163500,107312,-0.0030487804878048808
2023-11-23,SK,163500,164300,161800,163300,85112,-0.0012232415902140303
2023-11-24,SK,163500,163500,160400,160700,111928,-0.015921616656460524
2023-11-27,SK,161500,162900,159900,161800,95290,0.0068450528935906085
2023-11-28,SK,162600,167500,161500,166600,210522,0.02966625463535233
2023-11-29,SK,165000,166500,162300,164700,126308,-0.01140456182472993
2023-11-30,SK,165200,166300,162400,163600,252803,-0.006678809957498477
2023-11-01,한국전력,16920,16960,16710,16770,589018,-0.00886524822695034
2023-11-02,한국전력,16880,17000,16120,16190,1956540,-0.03458556946929037
2023-11-03,한국전력,16320,16580,16210,16460,968025,0.016676961087090714
2023-11-06,한국전력,16660,17100,16590,17100,1431266,0.03888213851761857
2023-11-07,한국전력,16960,17380,16800,17240,1563916,0.008187134502924076
2023-11-08,한국전력,17330,18230,17110,17640,4131903,0.023201856148491906
2023-11-09,한국전력,17900,17990,17150,17190,2290944,-0.025510204081632626
2023-11-10,한국전력,17180,17250,16750,16950,1146817,-0.013961605584642212
2023-11-13,한국전력,17110,18190,16760,17870,4877863,0.05427728613569327
2023-11-14,한국전력,17700,17800,17330,17400,2086701,-0.026301063234471234
2023-11-15,한국전력,17580,17650,17350,17480,1445325,0.0045977011494253706
2023-11-16,한국전력,17500,17850,17410,17650,1601199,0.0097254004576659
2023-11-17,한국전력,17810,18040,17670,17780,1479460,0.007365439093484527
2023-11-20,한국전력,17750,17860,17620,17760,702034,-0.0011248593925758943
2023-11-21,한국전력,17790,18010,17740,17950,978874,0.010698198198198172
2023-11-22,한국전력,17990,18140,17910,18140,992240,0.010584958217270124
2023-11-23,한국전력,18050,18830,18050,18750,2855487,0.033627342888643774
2023-11-24,한국전력,18750,19200,18710,18790,1884022,0.0021333333333333204
2023-11-27,한국전력,18860,19060,18820,19000,1398986,0.011176157530601305
2023-11-28,한국전력,19000,19060,18680,18980,1026118,-0.001052631578947416
2023-11-29,한국전력,18850,19120,18540,18570,1114295,-0.021601685985247587
2023-11-30,한국전력,18560,18850,18390,18850,1308829,0.015078082929456116
2023-11-01,카카오뱅크,18160,18900,18100,18760,1372606,0.033039647577092435
2023-11-02,카카오뱅크,19020,20750,19020,20300,2313634,0.08208955223880587
2023-11-03,카카오뱅크,20700,21500,20350,21100,1252204,0.039408866995073843
2023-11-06,카카오뱅크,22450,24750,22250,24600,4255042,0.16587677725118488
2023-11-07,카카오뱅크,24300,24300,22750,22850,1962792,-0.07113821138211385
2023-11-08,카카오뱅크,23800,24200,22800,23000,2033535,0.006564551422319376
2023-11-09,카카오뱅크,22650,24500,22600,24050,2654666,0.04565217391304355
2023-11-10,카카오뱅크,23600,23750,22950,22950,969618,-0.04573804573804574
2023-11-13,카카오뱅크,23350,23500,23050,23250,652602,0.013071895424836555
2023-11-14,카카오뱅크,23450,23800,23100,23450,776621,0.008602150537634357
2023-11-15,카카오뱅크,23950,24400,23650,24350,1397420,0.03837953091684443
2023-11-16,카카오뱅크,24100,24350,23750,24350,545498,0.0
2023-11-17,카카오뱅크,24200,24450,23350,23700,581807,-0.026694045174537995
2023-11-20,카카오뱅크,23650,24100,23300,23900,588247,0.00843881856540074
2023-11-21,카카오뱅크,24100,26750,24050,26000,6552880,0.08786610878661083
2023-11-22,카카오뱅크,25750,26400,25300,26000,1599398,0.0
2023-11-23,카카오뱅크,26050,26200,25350,26000,1195898,0.0
2023-11-24,카카오뱅크,25800,26100,25300,25550,648757,-0.017307692307692357
2023-11-27,카카오뱅크,25350,25650,25100,25250,577231,-0.011741682974559686
2023-11-28,카카오뱅크,25400,26300,25100,26300,1257268,0.04158415841584162
2023-11-29,카카오뱅크,26300,26350,25850,26000,723505,-0.011406844106463865
2023-11-30,카카오뱅크,26000,26200,25600,26200,776201,0.007692307692307665
2023-11-01,하나금융지주,39400,39650,39050,39600,662753,0.010204081632652962
2023-11-02,하나금융지주,39950,40350,38950,39000,1306106,-0.015151515151515138
2023-11-03,하나금융지주,39500,40300,39350,40250,799078,0.03205128205128216
2023-11-06,하나금융지주,40650,42250,40250,42250,1380936,0.049689440993788914
2023-11-07,하나금융지주,41450,41600,40650,40850,1240357,-0.03313609467455625
2023-11-08,하나금융지주,41050,41100,40350,40450,822523,-0.009791921664626724
2023-11-09,하나금융지주,40250,40850,40250,40500,853357,0.0012360939431397266
2023-11-10,하나금융지주,40400,40900,40300,40800,987370,0.007407407407407307
2023-11-13,하나금융지주,41100,41100,40600,40800,489770,0.0
2023-11-14,하나금융지주,41200,41600,40850,41300,609330,0.01225490196078427
2023-11-15,하나금융지주,42050,42250,41600,41900,1119758,0.014527845036319542
2023-11-16,하나금융지주,42250,42250,41650,42000,551010,0.0023866348448686736
2023-11-17,하나금융지주,41900,42150,41450,41600,574398,-0.00952380952380949
2023-11-20,하나금융지주,41400,41850,41200,41600,649689,0.0
2023-11-21,하나금융지주,41900,42050,41500,41900,872697,0.007211538461538547
2023-11-22,하나금융지주,41300,41950,41300,41800,671653,-0.0023866348448687846
2023-11-23,하나금융지주,42000,42500,41850,42300,588852,0.011961722488038173
2023-11-24,하나금융지주,42200,42300,41750,41750,419233,-0.013002364066193817
2023-11-27,하나금융지주,41550,41950,41300,41550,732518,-0.004790419161676662
2023-11-28,하나금융지주,41500,41650,40700,41600,1102835,0.001203369434416457
2023-11-29,하나금융지주,41350,41700,41100,41250,713062,-0.008413461538461564
2023-11-30,하나금융지주,41100,41900,40900,41650,1473897,0.00969696969696976
2023-11-01,메리츠금융지주,50200,51000,49900,51000,288932,0.015936254980079667
2023-11-02,메리츠금융지주,51600,52300,51000,51200,305145,0.0039215686274509665
2023-11-03,메리츠금융지주,51900,52200,51300,51900,282402,0.013671875
2023-11-06,메리츠금융지주,52500,53200,50900,52100,495347,0.003853564547206201
2023-11-07,메리츠금융지주,51400,52600,51400,52600,350721,0.009596928982725572
2023-11-08,메리츠금융지주,53100,53400,52200,52600,251445,0.0
2023-11-09,메리츠금융지주,52300,53700,52300,53200,320671,0.011406844106463865
2023-11-10,메리츠금융지주,54400,54400,52600,52900,269331,-0.005639097744360888
2023-11-13,메리츠금융지주,53300,54300,53000,54200,358737,0.02457466918714557
2023-11-14,메리츠금융지주,55100,57000,54600,56400,733558,0.040590405904058935
2023-11-15,메리츠금융지주,57200,58200,57100,58100,726370,0.03014184397163122
2023-11-16,메리츠금융지주,58000,58000,55000,55300,509738,-0.048192771084337394
2023-11-17,메리츠금융지주,55100,56400,55100,55900,322934,0.010849909584086825
2023-11-20,메리츠금융지주,55800,55900,54000,54500,393697,-0.025044722719141377
2023-11-21,메리츠금융지주,55300,56300,55000,55800,349712,0.023853211009174258
2023-11-22,메리츠금융지주,55300,56000,54500,55700,223409,-0.0017921146953404632
2023-11-23,메리츠금융지주,55300,56000,55100,55700,242746,0.0
2023-11-24,메리츠금융지주,55900,56200,54300,54400,334975,-0.02333931777378817
2023-11-27,메리츠금융지주,54500,55900,54400,55200,375610,0.014705882352941124
2023-11-28,메리츠금융지주,55600,55700,54800,55000,239155,-0.0036231884057971175
2023-11-29,메리츠금융지주,54700,54900,53900,54200,350076,-0.014545454545454528
2023-11-30,메리츠금융지주,54300,55600,54000,55500,523985,0.023985239852398532
2023-11-01,KT&G,85400,87400,85100,87200,228028,0.022274325908558046
2023-11-02,KT&G,87500,88000,87000,87000,163370,-0.002293577981651418
2023-11-03,KT&G,88000,88400,87100,87300,156975,0.0034482758620688614
2023-11-06,KT&G,87300,89700,86700,89700,301504,0.027491408934707806
2023-11-07,KT&G,88900,89800,87600,89800,205168,0.0011148272017837968
2023-11-08,KT&G,89800,89800,88000,88000,228356,-0.020044543429844075
2023-11-09,KT&G,88200,89100,88000,88900,180288,0.010227272727272751
2023-11-10,KT&G,89000,89600,88600,89600,204150,0.007874015748031482
2023-11-13,KT&G,90100,90500,89500,90300,184897,0.0078125
2023-11-14,KT&G,91200,92800,90500,91800,488498,0.01661129568106312
2023-11-15,KT&G,92600,92900,91600,92400,326460,0.006535947712418277
2023-11-16,KT&G,92600,92900,90500,91300,248053,-0.011904761904761862
2023-11-17,KT&G,91300,91600,90400,90700,154161,-0.006571741511500528
2023-11-20,KT&G,90700,91900,90400,91000,222199,0.00330760749724357
2023-11-21,KT&G,91900,91900,90600,91200,206618,0.00219780219780219
2023-11-22,KT&G,90300,91700,90300,91500,122382,0.00328947368421062
2023-11-23,KT&G,90700,91400,90500,90600,155871,-0.00983606557377048
2023-11-24,KT&G,90900,91100,90200,90600,177071,0.0
2023-11-27,KT&G,90600,91300,90300,91000,178105,0.004415011037527616
2023-11-28,KT&G,91300,91300,90500,90600,179689,-0.00439560439560438
2023-11-29,KT&G,90100,90600,88200,88500,334409,-0.023178807947019875
2023-11-30,KT&G,87000,89100,86900,88200,598531,-0.003389830508474523
2023-11-01,SK텔레콤,49150,49500,48850,49200,392201,0.0010172939979653517
2023-11-02,SK텔레콤,49400,49650,49150,49350,520130,0.0030487804878047697
2023-11-03,SK텔레콤,49700,50100,49150,49800,339393,0.00911854103343468
2023-11-06,SK텔레콤,49550,49800,48900,49800,940508,0.0
2023-11-07,SK텔레콤,49350,49550,49200,49250,396697,-0.011044176706827336
2023-11-08,SK텔레콤,49400,49450,48350,48400,770691,-0.017258883248730927
2023-11-09,SK텔레콤,48550,49650,48550,49650,535546,0.025826446280991844
2023-11-10,SK텔레콤,49550,50000,49400,49900,427974,0.0050352467270895485
2023-11-13,SK텔레콤,49950,50400,49700,50200,417731,0.006012024048096087
2023-11-14,SK텔레콤,50600,51300,50100,51300,769125,0.021912350597609542
2023-11-15,SK텔레콤,51700,51800,51000,51300,954723,0.0
2023-11-16,SK텔레콤,51500,51900,51100,51100,564636,-0.003898635477582846
2023-11-17,SK텔레콤,51300,51900,51300,51900,684075,0.015655577299412915
2023-11-20,SK텔레콤,51900,52400,51800,52000,511184,0.0019267822736031004
2023-11-21,SK텔레콤,52000,52300,50800,52100,754456,0.0019230769230769162
2023-11-22,SK텔레콤,51400,52200,51400,52000,416890,-0.0019193857965451588
2023-11-23,SK텔레콤,51600,52300,51600,52000,530676,0.0
2023-11-24,SK텔레콤,51900,51900,51600,51800,569869,-0.0038461538461538325
2023-11-27,SK텔레콤,51900,52300,51600,52200,563515,0.007722007722007707
2023-11-28,SK텔레콤,52200,52500,51900,52300,693039,0.0019157088122605526
2023-11-29,SK텔레콤,52000,52600,51600,51900,805971,-0.007648183556405397
2023-11-30,SK텔레콤,51700,52200,50600,52200,6744768,0.005780346820809301
2023-11-01,삼성전기,124600,129700,124300,128000,450500,0.02976669348350769
2023-11-02,삼성전기,132000,134800,131600,132500,549937,0.03515625
2023-11-03,삼성전기,132100,134900,130800,134200,306419,0.012830188679245236
2023-11-06,삼성전기,135000,139400,134900,139400,402822,0.03874813710879277
2023-11-07,삼성전기,138400,139100,135600,136900,312364,-0.01793400286944047
2023-11-08,삼성전기,138700,138900,132400,132800,287857,-0.02994886778670558
2023-11-09,삼성전기,133500,135100,133400,133500,213771,0.005271084337349352
2023-11-10,삼성전기,132500,134900,132200,134400,160907,0.006741573033707926
2023-11-13,삼성전기,135700,136400,133300,134600,132889,0.0014880952380953438
2023-11-14,삼성전기,135900,137200,133800,134400,147311,-0.0014858841010401136
2023-11-15,삼성전기,136700,138000,135700,137700,328290,0.024553571428571397
2023-11-16,삼성전기,136900,137900,136600,137600,174970,-0.000726216412490932
2023-11-17,삼성전기,136600,139800,136600,139400,266448,0.013081395348837122
2023-11-20,삼성전기,138600,139700,138100,138100,251207,-0.009325681492108995
2023-11-21,삼성전기,138900,140100,137600,137700,223166,-0.002896451846488013
2023-11-22,삼성전기,136700,138700,136500,138000,123705,0.002178649237472685
2023-11-23,삼성전기,138700,139700,138000,138200,110380,0.0014492753623187582
2023-11-24,삼성전기,138600,138800,136900,137000,131307,-0.00868306801736618
2023-11-27,삼성전기,137000,138800,137000,138300,191010,0.009489051094890621
2023-11-28,삼성전기,139300,146700,138900,144000,1058006,0.04121475054229928
2023-11-29,삼성전기,143300,147000,141500,146100,428058,0.014583333333333393
2023-11-30,삼성전기,146600,147900,145600,145700,504729,-0.002737850787132068
2023-11-01,HMM,14600,14930,14600,14860,772826,0.019903912148249825
2023-11-02,HMM,15010,15090,14780,14850,771959,-0.0006729475100941684
2023-11-03,HMM,15030,15100,14870,15030,689214,0.0121212121212122
2023-11-06,HMM,15500,16750,15260,16750,2194857,0.11443779108449759
2023-11-07,HMM,16700,16710,15470,15790,1628369,-0.05731343283582091
2023-11-08,HMM,15790,16760,15640,16400,2316177,0.0386320455984801
2023-11-09,HMM,16200,16940,16200,16390,1732410,-0.0006097560975609762
2023-11-10,HMM,16220,16590,15800,16550,825978,0.009762050030506453
2023-11-13,HMM,16500,16590,16180,16370,772417,-0.010876132930513593
2023-11-14,HMM,16530,16530,15620,15630,1711570,-0.045204642638973724
2023-11-15,HMM,15880,15990,15740,15870,1303051,0.015355086372360827
2023-11-16,HMM,15810,15870,15550,15610,652990,-0.016383112791430343
2023-11-17,HMM,15610,15790,15360,15500,765809,-0.007046764894298563
2023-11-20,HMM,15660,15970,15550,15910,696711,0.02645161290322573
2023-11-21,HMM,15830,16090,15810,16090,748116,0.011313639220615901
2023-11-22,HMM,16000,16340,15840,16190,783247,0.00621504039776255
2023-11-23,HMM,16350,16420,15890,16330,927172,0.00864731315626921
2023-11-24,HMM,16280,16280,15590,15670,1501203,-0.040416411512553596
2023-11-27,HMM,15680,15800,15260,15350,1077546,-0.02042118698149331
2023-11-28,HMM,15470,15670,15370,15470,866727,0.007817589576547324
2023-11-29,HMM,15410,15550,15320,15450,767821,-0.0012928248222365823
2023-11-30,HMM,15450,15900,15210,15490,2614245,0.0025889967637540146
2023-11-01,HD현대중공업,102200,103900,102200,102800,91440,0.006856023506366382
2023-11-02,HD현대중공업,104500,108800,104300,108200,115660,0.05252918287937747
2023-11-03,HD현대중공업,108800,112900,107900,111400,86102,0.02957486136783727
2023-11-06,HD현대중공업,114700,115900,111900,115800,172740,0.039497307001795434
2023-11-07,HD현대중공업,115300,115300,112000,113900,70927,-0.016407599309153698
2023-11-08,HD현대중공업,115300,115300,110800,111000,95189,-0.025460930640913038
2023-11-09,HD현대중공업,110100,112500,109200,110900,92797,-0.0009009009009008917
2023-11-10,HD현대중공업,109800,111400,109300,111400,45823,0.004508566275924331
2023-11-13,HD현대중공업,111500,112900,108000,108100,76685,-0.029622980251346465
2023-11-14,HD현대중공업,109400,110000,107600,108600,74657,0.0046253469010175685
2023-11-15,HD현대중공업,111500,113200,109400,112600,116633,0.036832412523020164
2023-11-16,HD현대중공업,112300,113200,110600,112200,78599,-0.003552397868561319
2023-11-17,HD현대중공업,112200,112300,110300,111400,42064,-0.007130124777183555
2023-11-20,HD현대중공업,111300,116000,110600,114700,132203,0.029622980251346576
2023-11-21,HD현대중공업,114900,118800,114700,118400,169306,0.032258064516129004
2023-11-22,HD현대중공업,118100,124300,117100,123500,151739,0.04307432432432434
2023-11-23,HD현대중공업,123500,124500,121000,121800,79627,-0.013765182186234792
2023-11-24,HD현대중공업,121700,121700,119600,119900,71725,-0.015599343185550119
2023-11-27,HD현대중공업,120500,124400,120400,124200,95270,0.03586321934945791
2023-11-28,HD현대중공업,125600,128800,123800,125000,161784,0.006441223832528209
2023-11-29,HD현대중공업,124500,126000,122400,122700,93061,-0.018399999999999972
2023-11-30,HD현대중공업,123000,125200,121000,125200,78087,0.02037489812550941
2023-11-01,고려아연,469000,469500,443500,457000,100035,-0.02558635394456288
2023-11-02,고려아연,458500,473000,458000,465000,45441,0.017505470459518557
2023-11-03,고려아연,472000,474000,465000,470500,15541,0.011827956989247213
2023-11-06,고려아연,480000,493500,476000,493500,44536,0.0488841657810839
2023-11-07,고려아연,487500,494500,483000,490000,38827,-0.007092198581560294
2023-11-08,고려아연,493500,494000,482000,487500,19627,-0.005102040816326481
2023-11-09,고려아연,483500,484500,471000,480000,58719,-0.01538461538461533
2023-11-10,고려아연,479000,482000,467000,479500,44606,-0.0010416666666667185
2023-11-13,고려아연,486500,487500,476500,480500,25288,0.002085505735140769
2023-11-14,고려아연,485000,485500,477500,480000,24687,-0.0010405827263267886
2023-11-15,고려아연,490000,490500,483000,489000,32065,0.018750000000000044
2023-11-16,고려아연,490500,492000,480500,483500,33083,-0.011247443762781195
2023-11-17,고려아연,486000,493000,481500,488500,30005,0.010341261633919352
2023-11-20,고려아연,488500,499000,488000,496500,32818,0.016376663254861867
2023-11-21,고려아연,499500,499500,492500,495000,28094,-0.0030211480362537513
2023-11-22,고려아연,490500,497500,490000,497000,24860,0.004040404040404066
2023-11-23,고려아연,495000,496500,491000,491500,19209,-0.01106639839034207
2023-11-24,고려아연,492000,495500,491000,491500,18409,0.0
2023-11-27,고려아연,494500,495000,486500,489000,16670,-0.0050864699898270915
2023-11-28,고려아연,493500,494000,487000,494000,22088,0.010224948875255713
2023-11-29,고려아연,490500,494000,488000,493000,19638,-0.002024291497975672
2023-11-30,고려아연,493000,495000,490000,491500,40313,-0.0030425963488843744
2023-11-01,크래프톤,164500,167800,163900,166000,81027,0.013431013431013383
2023-11-02,크래프톤,168400,169700,165800,168900,98961,0.01746987951807233
2023-11-03,크래프톤,169100,172800,165000,169900,125403,0.005920663114268754
2023-11-06,크래프톤,171800,173400,167900,173400,153666,0.020600353148911177
2023-11-07,크래프톤,171000,172900,169700,172500,90525,-0.00519031141868509
2023-11-08,크래프톤,181200,193900,180300,190800,945555,0.10608695652173905
2023-11-09,크래프톤,189000,194300,186300,190800,585646,0.0
2023-11-10,크래프톤,188400,193300,187000,192900,117386,0.011006289308176154
2023-11-13,크래프톤,194000,195000,189800,193900,123965,0.005184033177812353
2023-11-14,크래프톤,193400,196000,190300,193000,162902,-0.004641567818463144
2023-11-15,크래프톤,197900,204500,192600,204000,225505,0.05699481865284972
2023-11-16,크래프톤,204000,206500,200500,203500,142474,-0.002450980392156854
2023-11-17,크래프톤,203500,205000,191800,193100,165836,-0.05110565110565113
2023-11-20,크래프톤,193900,203500,190900,203000,166287,0.05126877265665453
2023-11-21,크래프톤,203500,210500,202000,209000,163038,0.029556650246305383
2023-11-22,크래프톤,207000,210500,205000,208000,80514,-0.004784688995215336
2023-11-23,크래프톤,208000,211500,205000,210000,65636,0.009615384615384581
2023-11-24,크래프톤,210000,211000,204000,205500,76468,-0.021428571428571463
2023-11-27,크래프톤,208500,217500,208000,217000,148104,0.05596107055961075
2023-11-28,크래프톤,217500,218500,213000,216000,87428,-0.004608294930875556
2023-11-29,크래프톤,216500,220500,214500,216000,98653,0.0
2023-11-30,크래프톤,217500,218000,209500,213000,159654,-0.01388888888888884
2023-11-01,두산에너빌리티,13550,13690,13410,13460,1675872,0.0029806259314455463
2023-11-02,두산에너빌리티,13690,14030,13580,13910,2901997,0.03343239227340278
2023-11-03,두산에너빌리티,14020,14190,13770,13980,2417312,0.005032350826743359
2023-11-06,두산에너빌리티,14540,15000,14360,15000,5270912,0.07296137339055786
2023-11-07,두산에너빌리티,15000,15000,14350,14580,3590867,-0.028000000000000025
2023-11-08,두산에너빌리티,14610,14850,14470,14550,2276346,-0.002057613168724326
2023-11-09,두산에너빌리티,14290,14410,14020,14110,3451251,-0.030240549828178698
2023-11-10,두산에너빌리티,13850,13940,13770,13840,1636104,-0.019135364989369297
2023-11-13,두산에너빌리티,13980,14040,13680,13720,1697288,-0.00867052023121384
2023-11-14,두산에너빌리티,13860,14210,13800,14210,1811655,0.03571428571428581
2023-11-15,두산에너빌리티,14450,14660,14360,14660,2557703,0.03166783954961305
2023-11-16,두산에너빌리티,14700,14740,14530,14600,1614014,-0.004092769440654842
2023-11-17,두산에너빌리티,14610,14620,14340,14390,1386982,-0.014383561643835585
2023-11-20,두산에너빌리티,14370,14720,14290,14680,1707728,0.020152883947185618
2023-11-21,두산에너빌리티,14700,14780,14530,14690,2008313,0.0006811989100816707
2023-11-22,두산에너빌리티,14750,14770,14450,14610,1688901,-0.005445881552076259
2023-11-23,두산에너빌리티,14730,15080,14710,14940,3026285,0.022587268993839782
2023-11-24,두산에너빌리티,14950,15130,14880,15020,1703946,0.0053547523427042165
2023-11-27,두산에너빌리티,15080,15100,14840,14960,1661963,-0.003994673768308976
2023-11-28,두산에너빌리티,15110,15340,15030,15260,2643879,0.020053475935828846
2023-11-29,두산에너빌리티,15260,15260,14970,15070,1786131,-0.01245085190039319
2023-11-30,두산에너빌리티,14990,15800,14870,15800,3705112,0.04844061048440618
2023-11-01,포스코인터내셔널,51000,53200,51000,51800,1532242,0.03393213572854292
2023-11-02,포스코인터내셔널,53200,54100,52500,53400,1122131,0.030888030888030826
2023-11-03,포스코인터내셔널,55100,55200,52600,53800,1186964,0.0074906367041198685
2023-11-06,포스코인터내셔널,58800,65400,56800,65200,6589700,0.21189591078066905
2023-11-07,포스코인터내셔널,64900,65000,56200,58100,3257432,-0.10889570552147243
2023-11-08,포스코인터내셔널,57300,60100,56700,56900,1555422,-0.02065404475043031
2023-11-09,포스코인터내셔널,61700,62400,58500,59100,4423935,0.03866432337434089
2023-11-10,포스코인터내셔널,57400,57700,55600,56400,1459046,-0.045685279187817285
2023-11-13,포스코인터내셔널,57500,59600,56400,58100,1640185,0.03014184397163122
2023-11-14,포스코인터내셔널,58600,60100,58400,59500,1413540,0.024096385542168752
2023-11-15,포스코인터내셔널,62300,62300,58700,59300,1447733,-0.003361344537815114
2023-11-16,포스코인터내셔널,59700,60700,58700,59700,1001438,0.006745362563237878
2023-11-17,포스코인터내셔널,59300,59400,57500,58300,807754,-0.02345058626465657
2023-11-20,포스코인터내셔널,58300,59600,57900,59200,671997,0.015437392795883298
2023-11-21,포스코인터내셔널,59800,60600,58400,58900,708955,-0.0050675675675675436
2023-11-22,포스코인터내셔널,58400,59200,57800,57900,609676,-0.01697792869269954
2023-11-23,포스코인터내셔널,58100,58500,57300,58200,540570,0.005181347150259086
2023-11-24,포스코인터내셔널,58200,59300,57900,58900,654492,0.012027491408934665
2023-11-27,포스코인터내셔널,59000,59200,57200,57300,669248,-0.02716468590831922
2023-11-28,포스코인터내셔널,57300,58600,57000,57600,712435,0.005235602094240788
2023-11-29,포스코인터내셔널,57900,58200,56100,58000,1028852,0.00694444444444442
2023-11-30,포스코인터내셔널,57500,58000,56800,57200,1193775,-0.01379310344827589
2023-11-01,우리금융지주,11940,12060,11890,12060,1434002,0.013445378151260456
2023-11-02,우리금융지주,12180,12260,11980,12030,2498708,-0.0024875621890547706
2023-11-03,우리금융지주,12120,12220,12010,12140,1792111,0.009143807148794592
2023-11-06,우리금융지주,12190,12570,12130,12570,2159112,0.03542009884678743
2023-11-07,우리금융지주,12490,12500,12230,12410,1938712,-0.012728719172633296
2023-11-08,우리금융지주,12410,12450,12220,12250,1314262,-0.012892828364222453
2023-11-09,우리금융지주,12200,12340,12200,12280,1327939,0.002448979591836764
2023-11-10,우리금융지주,12230,12350,12220,12320,891594,0.0032573289902280145
2023-11-13,우리금융지주,12390,12440,12300,12400,939769,0.006493506493506551
2023-11-14,우리금융지주,12490,12560,12420,12540,1584157,0.011290322580645107
2023-11-15,우리금융지주,12620,12670,12550,12620,2050637,0.006379585326953707
2023-11-16,우리금융지주,12650,12690,12530,12600,947824,-0.0015847860538826808
2023-11-17,우리금융지주,12590,12650,12480,12510,868029,-0.0071428571428571175
2023-11-20,우리금융지주,12440,12550,12440,12490,839016,-0.001598721023181482
2023-11-21,우리금융지주,12590,12720,12520,12720,2486148,0.018414731785428406
2023-11-22,우리금융지주,12610,12730,12610,12700,717389,-0.0015723270440252124
2023-11-23,우리금융지주,12690,12740,12670,12710,807320,0.0007874015748030594
2023-11-24,우리금융지주,12710,12770,12670,12700,738378,-0.0007867820613689513
2023-11-27,우리금융지주,12690,12760,12650,12750,1083609,0.003937007874015741
2023-11-28,우리금융지주,12750,12920,12660,12920,2100655,0.01333333333333342
2023-11-29,우리금융지주,12830,12920,12780,12800,1247453,-0.009287925696594423
2023-11-30,우리금융지주,12800,13020,12780,13020,3483732,0.01718749999999991
2023-11-01,하이브,220000,231000,214000,230500,259672,0.05011389521640086
2023-11-02,하이브,235000,243000,220500,227500,606694,-0.013015184381778733
2023-11-03,하이브,231500,231500,213000,216000,448385,-0.05054945054945059
2023-11-06,하이브,222500,227500,217000,227500,351886,0.0532407407407407
2023-11-07,하이브,212000,220000,208000,215500,3694893,-0.05274725274725278
2023-11-08,하이브,219000,223500,214500,216500,459041,0.004640371229698292
2023-11-09,하이브,216000,217000,206500,212000,540242,-0.020785219399538146
2023-11-10,하이브,209500,214000,209000,212000,332496,0.0
2023-11-13,하이브,214000,217000,202500,202500,404476,-0.04481132075471694
2023-11-14,하이브,204500,207500,201500,204500,210013,0.009876543209876631
2023-11-15,하이브,209500,211500,206000,211000,291330,0.0317848410757946
2023-11-16,하이브,212500,212500,205500,205500,199322,-0.026066350710900466
2023-11-17,하이브,205500,207500,188400,190300,855001,-0.07396593673965934
2023-11-20,하이브,190400,195500,190300,193400,380926,0.016290068313189687
2023-11-21,하이브,193400,201000,193400,199200,287774,0.02998965873836612
2023-11-22,하이브,199200,202500,197100,200000,171638,0.004016064257028162
2023-11-23,하이브,199000,212000,199000,212000,433361,0.06000000000000005
2023-11-24,하이브,210000,212500,207000,210500,162201,-0.007075471698113178
2023-11-27,하이브,212500,213000,207000,212000,166300,0.0071258907363420665
2023-11-28,하이브,213000,214000,210000,213000,162997,0.004716981132075526
2023-11-29,하이브,213000,215500,211500,215000,152859,0.009389671361502261
2023-11-30,하이브,213500,215500,207500,215500,323582,0.0023255813953488857
2023-11-01,기업은행,11200,11260,11140,11260,590406,0.008057296329453845
2023-11-02,기업은행,11320,11450,11180,11190,1037572,-0.006216696269982225
2023-11-03,기업은행,11230,11320,11200,11310,694280,0.01072386058981234
2023-11-06,기업은행,11400,11580,11280,11580,1569090,0.023872679045092937
2023-11-07,기업은행,11470,11520,11370,11490,641495,-0.007772020725388629
2023-11-08,기업은행,11590,11600,11430,11430,493541,-0.005221932114882533
2023-11-09,기업은행,11390,11560,11380,11510,662018,0.006999125109361293
2023-11-10,기업은행,11420,11550,11420,11470,489734,-0.0034752389226759828
2023-11-13,기업은행,11530,11610,11470,11570,608584,0.008718395815169977
2023-11-14,기업은행,11610,11730,11590,11720,836076,0.012964563526361328
2023-11-15,기업은행,11780,11840,11650,11670,1249429,-0.004266211604095571
2023-11-16,기업은행,11680,11710,11590,11700,832916,0.0025706940874035134
2023-11-17,기업은행,11700,11710,11630,11680,567787,-0.0017094017094017033
2023-11-20,기업은행,11640,11690,11610,11620,517030,-0.005136986301369828
2023-11-21,기업은행,11710,11720,11620,11700,734890,0.0068846815834766595
2023-11-22,기업은행,11640,11720,11640,11680,438942,-0.0017094017094017033
2023-11-23,기업은행,11640,11710,11630,11670,583627,-0.0008561643835616195
2023-11-24,기업은행,11710,11730,11680,11700,650684,0.0025706940874035134
2023-11-27,기업은행,11700,11740,11640,11730,513720,0.002564102564102555
2023-11-28,기업은행,11740,11750,11660,11720,701656,-0.0008525149190110604
2023-11-29,기업은행,11720,11760,11680,11720,742385,0.0
2023-11-30,기업은행,11720,11830,11700,11830,1744179,0.009385665529010323
2023-11-01,KT,32650,33300,32500,33200,614350,0.016845329249617125
2023-11-02,KT,33350,33500,32900,33250,607971,0.001506024096385561
2023-11-03,KT,33250,33350,33050,33250,326728,0.0
2023-11-06,KT,33200,33500,32750,33500,918195,0.007518796992481258
2023-11-07,KT,33100,33150,32700,32700,726243,-0.023880597014925398
2023-11-08,KT,33000,33150,32500,32600,575949,-0.003058103975535187
2023-11-09,KT,32600,33000,32550,32950,649586,0.010736196319018454
2023-11-10,KT,32750,33000,32600,32900,229325,-0.0015174506828528056
2023-11-13,KT,33000,33050,32550,32850,530810,-0.001519756838905817
2023-11-14,KT,33050,33150,32800,32950,366831,0.003044140030441511
2023-11-15,KT,33150,33150,32800,33050,733779,0.003034901365705611
2023-11-16,KT,32950,33150,32850,32950,223613,-0.00302571860816947
2023-11-17,KT,32950,33300,32850,33050,394748,0.003034901365705611
2023-11-20,KT,32950,33300,32850,33200,431302,0.004538577912254205
2023-11-21,KT,33300,33300,32950,33250,346611,0.001506024096385561
2023-11-22,KT,33000,33200,32950,32950,336425,-0.009022556390977488
2023-11-23,KT,32950,33200,32950,33150,406566,0.006069802731411222
2023-11-24,KT,33250,33250,32900,32900,285529,-0.007541478129713397
2023-11-27,KT,33100,33250,32950,33100,385642,0.006079027355623046
2023-11-28,KT,33250,33550,33250,33500,591743,0.012084592145015005
2023-11-29,KT,33350,33500,33150,33300,370485,-0.005970149253731294
2023-11-30,KT,33300,33550,32950,33550,1191590,0.007507507507507505
2023-11-17,에코프로머티,43000,65800,42950,57200,40145574,
2023-11-20,에코프로머티,66000,74300,61500,74300,9254377,0.29895104895104896
2023-11-21,에코프로머티,85300,96500,83400,96500,16373917,0.2987886944818303
2023-11-22,에코프로머티,96300,108500,88200,91200,14743137,-0.05492227979274611
2023-11-23,에코프로머티,90900,101600,88900,99100,7749291,0.08662280701754388
2023-11-24,에코프로머티,98500,102000,95000,99100,4624663,0.0
2023-11-27,에코프로머티,103900,128800,102200,124600,12950817,0.25731584258324913
2023-11-28,에코프로머티,122300,134100,110500,133000,8556058,0.0674157303370786
2023-11-29,에코프로머티,129900,151200,126500,136500,9396619,0.026315789473684292
2023-11-30,에코프로머티,137200,144300,132300,137000,2990214,0.00366300366300365
2023-11-01,대한항공,20350,20450,19940,20200,607370,-0.014634146341463428
2023-11-02,대한항공,20350,20550,20100,20150,609243,-0.0024752475247524774
2023-11-03,대한항공,20350,20500,20150,20450,569772,0.014888337468982549
2023-11-06,대한항공,20750,21150,20500,21150,1220631,0.03422982885085579
2023-11-07,대한항공,21050,21050,20600,20850,575198,-0.014184397163120588
2023-11-08,대한항공,21150,21200,20800,20800,518820,-0.0023980815347721673
2023-11-09,대한항공,20900,21700,20850,21650,1180400,0.04086538461538458
2023-11-10,대한항공,21450,21550,21200,21300,406811,-0.0161662817551963
2023-11-13,대한항공,21300,21400,20850,21100,488084,-0.009389671361502372
2023-11-14,대한항공,21300,21700,21250,21400,477183,0.014218009478673022
2023-11-15,대한항공,21900,21950,21600,21950,1067828,0.025700934579439227
2023-11-16,대한항공,21950,22350,21900,21950,785901,0.0
2023-11-17,대한항공,22200,22700,22100,22550,1347119,0.02733485193621865
2023-11-20,대한항공,22400,22550,22050,22350,701806,-0.008869179600886956
2023-11-21,대한항공,22550,22850,22450,22600,1054539,0.01118568232662187
2023-11-22,대한항공,22350,22600,22250,22350,535508,-0.011061946902654829
2023-11-23,대한항공,22500,22800,22450,22800,921535,0.020134228187919545
2023-11-24,대한항공,22700,22800,22250,22400,583689,-0.01754385964912286
2023-11-27,대한항공,22250,22350,21950,22050,649007,-0.015625
2023-11-28,대한항공,22250,22500,22250,22350,873119,0.013605442176870763
2023-11-29,대한항공,22350,22350,22100,22100,617363,-0.01118568232662187
2023-11-30,대한항공,22100,22450,21800,22450,1005196,0.015837104072398134
2023-11-01,한화오션,23400,24150,23350,23550,630969,-0.0021186440677966045
2023-11-02,한화오션,23850,24200,23650,23900,726042,0.014861995753715496
2023-11-03,한화오션,24150,24550,23300,23900,1326721,0.0
2023-11-06,한화오션,24400,26800,23950,26800,1284009,0.12133891213389125
2023-11-07,한화오션,26500,26600,25550,26300,847910,-0.018656716417910446
2023-11-08,한화오션,26500,26500,24400,24550,816420,-0.06653992395437258
2023-11-09,한화오션,23350,24200,23200,24100,597001,-0.018329938900203624
2023-11-10,한화오션,23600,24100,23250,23700,450645,-0.016597510373444035
2023-11-13,한화오션,24150,24150,22600,22650,571538,-0.044303797468354444
2023-11-14,한화오션,22850,23300,22700,23200,452108,0.024282560706401668
2023-11-15,한화오션,24000,25050,23650,25050,845908,0.07974137931034475
2023-11-16,한화오션,25100,25450,24200,25400,739018,0.013972055888223478
2023-11-17,한화오션,25400,25400,24350,24500,385235,-0.03543307086614178
2023-11-20,한화오션,24450,27750,24400,27450,1488313,0.12040816326530601
2023-11-21,한화오션,27600,27650,26300,26750,908615,-0.025500910746812377
2023-11-22,한화오션,27000,29250,26900,27600,1260402,0.031775700934579376
2023-11-23,한화오션,28000,28250,26850,27200,709007,-0.01449275362318836
2023-11-24,한화오션,23300,24100,22600,22650,9829657,-0.16727941176470584
2023-11-27,한화오션,22650,23550,21900,23350,3875489,0.030905077262693093
2023-11-28,한화오션,23200,26450,23000,25550,8997979,0.09421841541755893
2023-11-29,한화오션,26050,27300,25250,26800,5131577,0.048923679060665304
2023-11-30,한화오션,27000,27400,25950,27300,2481576,0.018656716417910557
2023-11-01,HD한국조선해양,90300,92000,90200,92000,134760,0.01882613510520481
2023-11-02,HD한국조선해양,93000,94400,91800,93300,196525,0.01413043478260878
2023-11-03,HD한국조선해양,93800,96600,93500,96300,168857,0.03215434083601276
2023-11-06,HD한국조선해양,98100,102600,96200,102600,884626,0.06542056074766345
2023-11-07,HD한국조선해양,101000,102300,98000,101600,344237,-0.00974658869395717
2023-11-08,HD한국조선해양,103000,103600,98500,98600,181785,-0.029527559055118058
2023-11-09,HD한국조선해양,98600,99500,97400,98000,186587,-0.006085192697768749
2023-11-10,HD한국조선해양,97000,97500,95400,97100,137043,-0.009183673469387754
2023-11-13,HD한국조선해양,98200,99800,94800,95700,178365,-0.01441812564366629
2023-11-14,HD한국조선해양,97900,98000,94000,95300,227430,-0.004179728317659337
2023-11-15,HD한국조선해양,97200,99800,96600,99400,259351,0.043022035676810066
2023-11-16,HD한국조선해양,98800,99100,96600,99100,164958,-0.003018108651911433
2023-11-17,HD한국조선해양,99600,99600,97200,98200,93316,-0.00908173562058523
2023-11-20,HD한국조선해양,98300,101800,97900,100900,205312,0.027494908350305547
2023-11-21,HD한국조선해양,101800,101800,100400,101100,201568,0.001982160555004997
2023-11-22,HD한국조선해양,101000,104200,100200,103000,171973,0.01879327398615227
2023-11-23,HD한국조선해양,102900,103700,101800,102600,87010,-0.003883495145631022
2023-11-24,HD한국조선해양,102600,102900,100900,102000,120349,-0.005847953216374324
2023-11-27,HD한국조선해양,103400,106000,101400,106000,191008,0.03921568627450989
2023-11-28,HD한국조선해양,106900,109100,105800,108000,199417,0.018867924528301883
2023-11-29,HD한국조선해양,108300,108700,105900,107500,148750,-0.00462962962962965
2023-11-30,HD한국조선해양,107000,111700,106200,111700,244425,0.039069767441860526
2023-11-01,S-Oil,66500,66800,65500,66500,207846,0.001506024096385561
2023-11-02,S-Oil,66800,67900,66800,67200,259540,0.010526315789473717
2023-11-03,S-Oil,67800,68200,67200,67700,344088,0.007440476190476275
2023-11-06,S-Oil,68000,69700,68000,69700,319498,0.02954209748892178
2023-11-07,S-Oil,69800,70100,68000,68800,241328,-0.012912482065997155
2023-11-08,S-Oil,67700,68400,67000,67400,313950,-0.02034883720930236
2023-11-09,S-Oil,66900,67600,66600,67000,264860,-0.005934718100890191
2023-11-10,S-Oil,67000,67300,66600,66900,165543,-0.0014925373134327957
2023-11-13,S-Oil,67600,68100,67000,67400,153697,0.007473841554558991
2023-11-14,S-Oil,68000,68800,67600,68600,201903,0.017804154302670572
2023-11-15,S-Oil,69600,69700,68600,69400,260646,0.011661807580174877
2023-11-16,S-Oil,69000,69700,68500,69000,147357,-0.0057636887608069065
2023-11-17,S-Oil,68300,68400,67400,67800,272200,-0.017391304347826098
2023-11-20,S-Oil,68400,69500,68100,69300,183928,0.022123893805309658
2023-11-21,S-Oil,69800,70300,69400,70100,289160,0.011544011544011523
2023-11-22,S-Oil,69800,70300,69500,70100,125785,0.0
2023-11-23,S-Oil,69800,70300,69500,70000,155693,-0.0014265335235378318
2023-11-24,S-Oil,70000,70200,69400,70100,141633,0.0014285714285713347
2023-11-27,S-Oil,70200,70400,69800,70200,114252,0.0014265335235377208
2023-11-28,S-Oil,70300,70300,69300,69900,157215,-0.004273504273504258
2023-11-29,S-Oil,70000,70100,69000,69100,193993,-0.011444921316165924
2023-11-30,S-Oil,69500,69600,68200,68200,403267,-0.013024602026049159
2023-11-01,아모레퍼시픽,128100,135000,127500,134700,849103,0.06566455696202533
2023-11-02,아모레퍼시픽,135900,136000,129000,130800,569951,-0.028953229398663738
2023-11-03,아모레퍼시픽,131300,135000,131000,133300,234375,0.01911314984709489
2023-11-06,아모레퍼시픽,136000,143300,135900,143300,609675,0.07501875468867225
2023-11-07,아모레퍼시픽,142300,143600,139000,143600,382573,0.002093510118632347
2023-11-08,아모레퍼시픽,144500,145500,140300,142800,192171,-0.005571030640668551
2023-11-09,아모레퍼시픽,141900,145000,141100,145000,194635,0.01540616246498594
2023-11-10,아모레퍼시픽,143200,145000,137800,138200,153582,-0.04689655172413798
2023-11-13,아모레퍼시픽,140000,141800,135400,137000,123109,-0.00868306801736618
2023-11-14,아모레퍼시픽,138100,138300,133000,133900,205221,-0.022627737226277422
2023-11-15,아모레퍼시픽,137400,140500,133500,136000,212072,0.015683345780433067
2023-11-16,아모레퍼시픽,135700,135900,133300,134000,88029,-0.014705882352941124
2023-11-17,아모레퍼시픽,134600,135900,133500,135700,62787,0.012686567164179152
2023-11-20,아모레퍼시픽,135900,136100,133200,135700,108234,0.0
2023-11-21,아모레퍼시픽,135000,136500,134100,134500,82641,-0.008843036109064117
2023-11-22,아모레퍼시픽,133500,134800,131200,132400,105186,-0.015613382899628214
2023-11-23,아모레퍼시픽,131700,132900,130700,132100,98116,-0.0022658610271902857
2023-11-24,아모레퍼시픽,132900,132900,129200,130000,92536,-0.015897047691143085
2023-11-27,아모레퍼시픽,130000,134700,130000,134400,98430,0.03384615384615386
2023-11-28,아모레퍼시픽,135700,135800,131500,133200,78201,-0.008928571428571397
2023-11-29,아모레퍼시픽,132100,134900,130800,132900,88226,-0.0022522522522522292
2023-11-30,아모레퍼시픽,134000,134200,129000,129300,271076,-0.02708803611738153
2023-11-01,삼성중공업,6880,7040,6870,6910,3765965,0.01319648093841641
2023-11-02,삼성중공업,7050,7180,7020,7100,3479262,0.02749638205499272
2023-11-03,삼성중공업,7260,7270,7100,7260,2474122,0.022535211267605604
2023-11-06,삼성중공업,7390,7530,7290,7530,4803939,0.037190082644628086
2023-11-07,삼성중공업,7500,7500,7220,7370,3783980,-0.021248339973439556
2023-11-08,삼성중공업,7400,7450,7180,7190,2778836,-0.024423337856173677
2023-11-09,삼성중공업,7190,7210,6990,7160,3280364,-0.004172461752433909
2023-11-10,삼성중공업,7080,7160,7040,7150,1881745,-0.0013966480446927498
2023-11-13,삼성중공업,7230,7260,7050,7080,2233514,-0.009790209790209836
2023-11-14,삼성중공업,7170,7180,7100,7170,2621876,0.012711864406779627
2023-11-15,삼성중공업,7340,7580,7270,7530,6330063,0.05020920502092041
2023-11-16,삼성중공업,7540,7610,7340,7600,3875462,0.009296148738379806
2023-11-17,삼성중공업,7530,7570,7400,7400,2180590,-0.02631578947368418
2023-11-20,삼성중공업,7430,7880,7400,7720,7165744,0.043243243243243246
2023-11-21,삼성중공업,7770,7780,7660,7710,3676185,-0.0012953367875647714
2023-11-22,삼성중공업,7710,8000,7680,7960,6619664,0.03242542153048
2023-11-23,삼성중공업,7970,8060,7840,7890,3923585,-0.008793969849246186
2023-11-24,삼성중공업,7850,7890,7610,7630,4619266,-0.03295310519645123
2023-11-27,삼성중공업,7670,7880,7570,7840,3339491,0.02752293577981657
2023-11-28,삼성중공업,7870,8240,7840,8160,8956745,0.04081632653061229
2023-11-29,삼성중공업,8220,8300,7980,8020,5221415,-0.01715686274509809
2023-11-30,삼성중공업,7990,8050,7890,7980,5325644,-0.004987531172069848
2023-11-01,SK바이오팜,75400,76100,74300,75600,92279,0.0026525198938991412
2023-11-02,SK바이오팜,76100,77500,75800,77200,147421,0.021164021164021163
2023-11-03,SK바이오팜,78000,78200,77100,77300,65838,0.0012953367875647714
2023-11-06,SK바이오팜,78700,83200,78500,83200,246711,0.07632600258732203
2023-11-07,SK바이오팜,82900,88100,82300,85700,244561,0.030048076923076872
2023-11-08,SK바이오팜,86900,89500,86100,87600,201485,0.022170361726954413
2023-11-09,SK바이오팜,87600,88700,85100,85200,105339,-0.0273972602739726
2023-11-10,SK바이오팜,84600,87700,84400,87600,146242,0.028169014084507005
2023-11-13,SK바이오팜,88400,88500,85000,86400,98971,-0.013698630136986356
2023-11-14,SK바이오팜,87700,87700,85200,86000,60933,-0.00462962962962965
2023-11-15,SK바이오팜,87900,88500,86400,87800,115247,0.020930232558139528
2023-11-16,SK바이오팜,87200,88000,86500,87000,51377,-0.009111617312072884
2023-11-17,SK바이오팜,87300,87600,85400,85700,38421,-0.014942528735632177
2023-11-20,SK바이오팜,86300,87300,85400,87200,47596,0.0175029171528589
2023-11-21,SK바이오팜,87900,89200,86700,88600,92129,0.016055045871559592
2023-11-22,SK바이오팜,88500,91000,87900,89400,131275,0.009029345372460584
2023-11-23,SK바이오팜,90700,90700,89100,90400,66598,0.01118568232662187
2023-11-24,SK바이오팜,90000,90400,86700,86800,107379,-0.03982300884955747
2023-11-27,SK바이오팜,86800,87200,85500,86300,79787,-0.005760368663594417
2023-11-28,SK바이오팜,87100,88200,86100,87100,90145,0.009269988412514474
2023-11-29,SK바이오팜,87000,87100,84700,84700,104792,-0.027554535017221604
2023-11-30,SK바이오팜,84700,86100,84000,86100,133401,0.016528925619834656
