,Code,Name
0,005930,삼성전자
1,373220,LG에너지솔루션
2,000660,SK하이닉스
3,207940,삼성바이오로직스
4,005935,삼성전자우
5,005380,현대차
6,005490,POSCO홀딩스
7,035420,NAVER
8,000270,기아
9,051910,LG화학
10,006400,삼성SDI
11,003670,포스코퓨처엠
12,068270,셀트리온
13,028260,삼성물산
14,035720,카카오
15,012330,현대모비스
16,105560,KB금융
17,055550,신한지주
18,066570,LG전자
19,032830,삼성생명
20,096770,SK이노베이션
21,003550,LG
22,018260,삼성에스디에스
23,034730,SK
24,015760,한국전력
25,323410,카카오뱅크
26,138040,메리츠금융지주
27,086790,하나금융지주
28,033780,KT&G
29,000810,삼성화재
30,009150,삼성전기
31,329180,HD현대중공업
32,017670,SK텔레콤
33,011200,HMM
34,010130,고려아연
35,034020,두산에너빌리티
36,259960,크래프톤
37,047050,포스코인터내셔널
38,352820,하이브
39,316140,우리금융지주
40,024110,기업은행
41,030200,KT
42,450080,에코프로머티
43,003490,대한항공
44,042660,한화오션
45,009540,HD한국조선해양
46,010950,S-Oil
47,090430,아모레퍼시픽
48,326030,SK바이오팜
49,010140,삼성중공업
50,402340,SK스퀘어
51,011170,롯데케미칼
52,012450,한화에어로스페이스
53,086280,현대글로비스
54,001570,금양
55,377300,카카오페이
56,361610,SK아이이테크놀로지
57,005830,DB손해보험
58,042700,한미반도체
59,161390,한국타이어앤테크놀로지
60,454910,두산로보틱스
61,011070,LG이노텍
62,088980,맥쿼리인프라
63,009830,한화솔루션
64,302440,SK바이오사이언스
65,036570,엔씨소프트
66,251270,넷마블
67,000100,유한양행
68,005070,코스모신소재
69,051900,LG생활건강
70,028050,삼성엔지니어링
71,267250,HD현대
72,097950,CJ제일제당
73,307950,현대오토에버
74,004020,현대제철
75,047810,한국항공우주
76,032640,LG유플러스
77,271560,오리온
78,034220,LG디스플레이
79,006800,미래에셋증권
80,241560,두산밥캣
81,128940,한미약품
82,000720,현대건설
83,005387,현대차2우B
84,021240,코웨이
85,078930,GS
86,029780,삼성카드
87,018880,한온시스템
88,180640,한진칼
89,011780,금호석유
90,016360,삼성증권
91,005940,NH투자증권
92,011790,SKC
93,035250,강원랜드
94,071050,한국금융지주
95,010620,현대미포조선
96,064350,현대로템
97,383220,F&F
98,272210,한화시스템
99,003410,쌍용C&E
100,004990,롯데지주
101,001040,CJ
102,267260,HD현대일렉트릭
103,001450,현대해상
104,000120,CJ대한통운
105,006260,LS
106,000990,DB하이텍
107,005385,현대차우
108,008930,한미사이언스
109,008770,호텔신라
110,007070,GS리테일
111,052690,한전기술
112,039490,키움증권
113,004370,농심
114,014680,한솔케미칼
115,282330,BGF리테일
116,036460,한국가스공사
117,088350,한화생명
118,030000,제일기획
119,051915,LG화학우
120,028670,팬오션
121,081660,휠라홀딩스
122,138930,BNK금융지주
123,012750,에스원
124,002790,아모레G
125,112610,씨에스윈드
126,023530,롯데쇼핑
127,079550,LIG넥스원
128,000240,한국앤컴퍼니
129,010120,LS ELECTRIC
130,175330,JB금융지주
131,139480,이마트
132,111770,영원무역
133,020150,롯데에너지머티리얼즈
134,002380,KCC
135,000880,한화
136,010060,OCI홀딩스
137,047040,대우건설
138,026960,동서
139,007660,이수페타시스
140,009420,한올바이오파마
141,017800,현대엘리베이
142,006110,삼아알미늄
143,004170,신세계
144,298040,효성중공업
145,204320,HL만도
146,298050,효성첨단소재
147,011210,현대위아
148,185750,종근당
149,137310,에스디바이오센서
150,000080,하이트진로
151,051600,한전KPS
152,298020,효성티앤씨
153,003620,KG모빌리티
154,007310,오뚜기
155,004000,롯데정밀화학
156,003230,삼양식품
157,006040,동원산업
158,042670,HD현대인프라코어
159,375500,DL이앤씨
160,000150,두산
161,073240,금호타이어
162,001440,대한전선
163,004800,효성
164,005850,에스엘
165,139130,DGB금융지주
166,006280,녹십자
167,336260,두산퓨얼셀
168,248070,솔루엠
169,018670,SK가스
170,005300,롯데칠성
171,002710,TCC스틸
172,005420,코스모화학
173,192820,코스맥스
174,006360,GS건설
175,108320,LX세미콘
176,145720,덴티움
177,001740,SK네트웍스
178,069620,대웅제약
179,353200,대덕전자
180,280360,롯데웰푸드
181,009240,한샘
182,069960,현대백화점
183,161890,한국콜마
184,120110,코오롱인더
185,001120,LX인터내셔널
186,285130,SK케미칼
187,093370,후성
188,395400,SK리츠
189,006650,대한유화
190,003690,코리안리
191,103140,풍산
192,003090,대웅
193,294870,HDC현대산업개발
194,000210,DL
195,009970,영원무역홀딩스
196,014820,동원시스템즈
197,089860,롯데렌탈
198,000670,영풍
199,001800,오리온홀딩스
200,457190,이수스페셜티케미컬
201,009900,명신산업
202,100090,SK오션플랜트
203,267270,HD현대건설기계
204,195870,해성디에스
205,012510,더존비즈온
206,069260,TKG휴켐스
207,300720,한일시멘트
208,178920,PI첨단소재
209,001430,세아베스틸지주
210,271940,일진하이솔루스
211,085620,미래에셋생명
212,089590,제주항공
213,016380,KG스틸
214,010780,아이에스동서
215,192650,드림텍
216,192080,더블유게임즈
217,039130,하나투어
218,105630,한세실업
219,348950,제이알글로벌리츠
220,002350,넥센타이어
221,114090,GKL
222,008730,율촌화학
223,336370,솔루스첨단소재
224,181710,NHN
225,020560,아시아나항공
226,002840,미원상사
227,023590,다우기술
228,365550,ESR켄달스퀘어리츠
229,004490,세방전지
230,001530,DI동일
231,006120,SK디스커버리
232,003030,세아제강지주
233,330590,롯데리츠
234,456040,OCI
235,210980,SK디앤디
236,066575,LG전자우
237,090460,비에이치
238,025540,한국단자
239,082640,동양생명
240,032350,롯데관광개발
241,000400,롯데손해보험
242,003540,대신증권
243,005250,녹십자홀딩스
244,001680,대상
245,019170,신풍제약
246,079160,CJ CGV
247,001060,JW중외제약
248,003240,태광산업
249,009450,경동나비엔
250,003850,보령
251,007340,DN오토모티브
252,003530,한화투자증권
253,082740,HSD엔진
254,268280,미원에스씨
255,005880,대한해운
256,344820,KCC글라스
257,272450,진에어
258,064960,SNT모티브
259,000640,동아쏘시오홀딩스
260,049770,동원F&B
261,000815,삼성화재우
262,017960,한국카본
263,031430,신세계인터내셔날
264,007700,F&F홀딩스
265,005440,현대지에프홀딩스
266,000070,삼양홀딩스
267,460860,동국제강
268,161000,애경케미칼
269,293940,신한알파리츠
270,229640,LS전선아시아
271,192400,쿠쿠홀딩스
272,033240,자화전자
273,030190,NICE평가정보
274,030610,교보증권
275,281820,케이씨텍
276,001720,신영증권
277,950210,프레스티지바이오파마
278,057050,현대홈쇼핑
279,005610,SPC삼립
280,383800,LX홀딩스
281,170900,동아에스티
282,003570,SNT다이내믹스
283,003470,유안타증권
284,403550,쏘카
285,097520,엠씨넥스
286,005180,빙그레
287,003280,흥아해운
288,241590,화승엔터프라이즈
289,00680K,미래에셋증권2우B
290,381970,케이카
291,001470,삼부토건
292,284740,쿠쿠홈시스
293,001390,KG케미칼
294,034310,NICE
295,068400,SK렌터카
296,014830,유니드
297,000370,한화손해보험
298,020000,한섬
299,004430,송원산업
300,002240,고려제강
301,084690,대상홀딩스
302,034120,SBS
303,357120,코람코라이프인프라리츠
304,018250,애경산업
305,091810,티웨이항공
306,145990,삼양사
307,249420,일동제약
308,214320,이노션
309,103590,일진전기
310,003000,부광약품
311,377740,바이오노트
312,058650,세아홀딩스
313,001725,신영증권우
314,183190,아세아시멘트
315,286940,롯데정보통신
316,017940,E1
317,012630,HDC
318,017810,풀무원
319,005090,SGC에너지
320,200880,서연이화
321,123890,한국자산신탁
322,009290,광동제약
323,001820,삼화콘덴서
324,033270,유나이티드제약
325,011930,신성이엔지
326,900140,엘브이엠씨홀딩스
327,006405,삼성SDI우
328,432320,KB스타리츠
329,093050,LF
330,010690,화신
331,448730,삼성FN리츠
332,004690,삼천리
333,025860,남해화학
334,108670,LX하우시스
335,094800,맵스리얼티1
336,001200,유진투자증권
337,007810,코리아써키트
338,453340,현대그린푸드
339,002320,한진
340,003520,영진약품
341,002310,아세아제지
342,027410,BGF
343,306200,세아제강
344,126560,현대퓨처넷
345,000680,LS네트웍스
346,005810,풍산홀딩스
347,016800,퍼시스
348,090435,아모레퍼시픽우
349,003545,대신증권우
350,003220,대원제약
351,007690,국도화학
352,001940,KISCO홀딩스
353,003300,한일홀딩스
354,451800,한화리츠
355,002030,아세아
356,001340,백광산업
357,005690,파미셀
358,298690,에어부산
359,003120,일성신약
360,093230,이아이디
361,298000,효성화학
362,060980,HL홀딩스
363,000490,대동
364,011810,STX
365,029530,신도리코
366,012030,DB
367,008350,남선알미늄
368,004700,조광피혁
369,003920,남양유업
370,088260,이리츠코크렙
371,00088K,한화3우B
372,008490,서흥
373,00104K,CJ4우(전환)
374,002960,한국쉘석유
375,000430,대원강업
376,071970,STX중공업
377,097230,HJ중공업
378,363280,티와이홀딩스
379,001510,SK증권
380,034830,한국토지신탁
381,005950,이수화학
382,072710,농심홀딩스
383,005500,삼진제약
384,092220,KEC
385,036420,콘텐트리중앙
386,095720,웅진씽크빅
387,084010,대한제강
388,026890,스틱인베스트먼트
389,006390,한일현대시멘트
390,037270,YG PLUS
391,017390,서울가스
392,000480,CR홀딩스
393,001880,DL건설
394,051905,LG생활건강우
395,058430,포스코스틸리온
396,001630,종근당홀딩스
397,003960,사조대림
398,007570,일양약품
399,013890,지누스
400,036530,SNT홀딩스
401,001790,대한제당
402,024720,한국콜마홀딩스
403,001780,알루코
404,102460,이연제약
405,071320,지역난방공사
406,053210,스카이라이프
407,122900,아이마켓코리아
408,005010,휴스틸
409,001230,동국홀딩스
410,009680,모토닉
411,104700,한국철강
412,001500,현대차증권
413,138490,코오롱플라스틱
414,000020,동화약품
415,126720,수산인더스트리
416,005390,신성통상
417,077970,STX엔진
418,016580,환인제약
419,271980,제일약품
420,002150,도화엔지니어링
421,071055,한국금융지주우
422,115390,락앤락
423,018470,조일알미늄
424,074610,이엔플러스
425,322000,HD현대에너지솔루션
426,006220,제주은행
427,226320,잇츠한불
428,037560,LG헬로비전
429,005389,현대차3우B
430,007460,에이프로젠
431,075580,세진중공업
432,462520,조선내화
433,001460,BYC
434,272550,삼양패키징
435,011760,현대코퍼레이션
436,213500,한솔제지
437,037710,광주신세계
438,030210,다올투자증권
439,011500,한농화성
440,293480,하나제약
441,096760,JW홀딩스
442,001520,동양
443,004360,세방
444,029460,케이씨
445,003070,코오롱글로벌
446,071840,롯데하이마트
447,130660,한전산업
448,016590,신대양제지
449,334890,이지스밸류리츠
450,000050,경방
451,053690,한미글로벌
452,009160,SIMPAC
453,002810,삼영무역
454,004560,현대비앤지스틸
455,035150,백산
456,006840,AK홀딩스
457,005720,넥센
458,102260,동성케미컬
459,001270,부국증권
460,011000,진원생명과학
461,092230,KPX홀딩스
462,002900,TYM
463,004380,삼익THK
464,117580,대성에너지
465,010100,한국무브넥스
466,001130,대한제분
467,019680,대교
468,002020,코오롱
469,027970,한국제지
470,008060,대덕
471,025000,KPX케미칼
472,194370,제이에스코퍼레이션
473,004980,성신양회
474,015360,예스코홀딩스
475,267850,아시아나IDT
476,000140,하이트진로홀딩스
477,095570,AJ네트웍스
478,404990,신한서부티엔디리츠
479,214390,경보제약
480,007160,사조산업
481,003200,일신방직
482,092790,넥스틸
483,035510,신세계 I&C
484,002990,금호건설
485,001250,GS글로벌
486,004710,한솔테크닉스
487,000155,두산우
488,460850,동국씨엠
489,010580,에스엠벡셀
490,009155,삼성전기우
491,377190,디앤디플랫폼리츠
492,016450,한세예스24홀딩스
493,010955,S-Oil우
494,234080,JW생명과학
495,002100,경농
496,084680,이월드
497,044450,KSS해운
498,317400,자이에스앤디
499,081000,일진다이아
500,090350,노루페인트
501,452260,한화갤러리아
502,450140,코오롱모빌리티그룹
503,020120,키다리스튜디오
504,039570,HDC랩스
505,004250,NPC
506,001080,만호제강
507,009580,무림P&P
508,015890,태경산업
509,002620,제일파마홀딩스
510,006060,화승인더
511,000540,흥국화재
512,011785,금호석유우
513,014580,태경비케이
514,417310,코람코더원리츠
515,003060,에이프로젠바이오로직스
516,105840,우진
517,092200,디아이씨
518,015860,일진홀딩스
519,005945,NH투자증권우
520,007210,벽산
521,003555,LG우
522,107590,미원홀딩스
523,015590,KIB플러그에너지
524,339770,교촌에프앤비
525,028100,동아지질
526,100250,진양홀딩스
527,000390,삼화페인트
528,139990,아주스틸
529,097955,CJ제일제당 우
530,007860,서연
531,002390,한독
532,011280,태림포장
533,005680,삼영전자
534,078520,에이블씨엔씨
535,015230,대창단조
536,008260,NI스틸
537,002780,진흥기업
538,083420,그린케미칼
539,016610,DB금융투자
540,008700,아남전자
541,282690,동아타이어
542,128820,대성산업
543,014280,금강공업
544,136490,선진
545,079430,현대리바트
546,003580,HLB글로벌
547,003160,디아이
548,031440,신세계푸드
549,101530,해태제과식품
550,016710,대성홀딩스
551,012320,경동인베스트
552,000320,노루홀딩스
553,100840,SNT에너지
554,001360,삼성제약
555,010820,퍼스텍
556,000970,한국주철관
557,002210,동성제약
558,003720,삼영
559,011700,한신기계
560,024900,덕양산업
561,02826K,삼성물산우B
562,134380,미원화학
563,012610,경인양행
564,017370,우신시스템
565,000700,유수홀딩스
566,033920,무학
567,002720,국제약품
568,089470,HDC현대EP
569,058850,KTcs
570,109070,컨버즈
571,011330,유니켐
572,070960,용평리조트
573,014530,극동유화
574,033530,세종공업
575,013570,디와이
576,006890,태경케미컬
577,400760,NH올원리츠
578,004100,태양금속
579,068290,삼성출판사
580,001020,페이퍼코리아
581,000180,성창기업지주
582,079980,휴비스
583,094280,효성ITX
584,004970,신라교역
585,005430,한국공항
586,000500,가온전선
587,002170,삼양통상
588,005960,동부건설
589,111380,동인기연
590,006490,인스코비
591,004830,덕성
592,007540,샘표
593,004090,한국석유
594,055490,테이팩스
595,009410,태영건설
596,003830,대한화섬
597,008040,사조동아원
598,004080,신흥
599,009270,신원
600,003460,유화증권
601,006740,영풍제지
602,210540,디와이파워
603,002700,신일전자
604,007980,태평양물산
605,003547,대신증권2우B
606,002200,한국수출포장
607,000860,강남제비스코
608,214330,금호에이치티
609,004310,현대약품
610,013580,계룡건설
611,025820,이구산업
612,003650,미창석유
613,006370,대구백화점
614,372910,한컴라이프케어
615,017550,수산중공업
616,024090,디씨엠
617,00279K,아모레G3우(전환)
618,014160,대영포장
619,120030,조선선재
620,010040,한국내화
621,023800,인지컨트롤스
622,063160,종근당바이오
623,001750,한양증권
624,248170,샘표식품
625,032560,황금에스티
626,009070,KCTC
627,023000,삼원강재
628,047400,유니온머티리얼
629,019440,세아특수강
630,168490,한국패러랠
631,012170,아센디오
632,023450,동남합성
633,004150,한솔홀딩스
634,267290,경동도시가스
635,001045,CJ우
636,000230,일동홀딩스
637,017900,광전자
638,016740,두올
639,012800,대창
640,010600,웰바이오텍
641,034590,인천도시가스
642,033180,KH 필룩스
643,004890,동일산업
644,036580,팜스코
645,096775,SK이노베이션우
646,004720,팜젠사이언스
647,004840,DRB동일
648,077500,유니퀘스트
649,007280,한국특강
650,308170,씨티알모빌리티
651,000220,유유제약
652,002460,화성산업
653,264900,크라운제과
654,350520,이지스레지던스리츠
655,012600,청호ICT
656,035000,HS애드
657,058860,KTis
658,380440,엔에이치스팩19호
659,011150,CJ씨푸드
660,017040,광명전기
661,003350,한국화장품제조
662,002600,조흥
663,011690,와이투솔루션
664,002450,삼익악기
665,011420,갤럭시아에스엠
666,013520,화승코퍼레이션
667,044820,코스맥스비티아이
668,016880,웅진
669,004140,동방
670,227840,현대코퍼레이션홀딩스
671,204210,모두투어리츠
672,123690,한국화장품
673,012690,모나리자
674,465770,STX그린로지스
675,000520,삼일제약
676,396690,미래에셋글로벌리츠
677,004540,깨끗한나라
678,009470,삼화전기
679,003480,한진중공업홀딩스
680,214420,토니모리
681,244920,에이플러스에셋
682,078000,텔코웨어
683,026940,부국철강
684,067830,세이브존I&C
685,010660,화천기계
686,000910,유니온
687,004060,SG세계물산
688,101140,인바이오젠
689,33626K,두산퓨얼셀1우
690,008970,동양철관
691,003780,진양산업
692,016090,대현
693,031820,콤텍시스템
694,009200,무림페이퍼
695,092440,기신정기
696,013360,일성건설
697,011300,성안
698,005870,휴니드
699,001560,제일연마
700,023810,인팩
701,004770,써니전자
702,010960,삼호개발
703,005740,크라운해태홀딩스
704,007590,동방아그로
705,163560,동일고무벨트
706,005800,신영와코루
707,004960,한신공영
708,004270,남성
709,001290,상상인증권
710,003610,방림
711,446070,유니드비티플러스
712,009440,KC그린홀딩스
713,058730,다스코
714,024890,대원화성
715,006340,대원전선
716,085310,엔케이
717,119650,KC코트렐
718,006090,사조오양
719,007110,일신석재
720,004910,조광페인트
721,017180,명문제약
722,013870,지엠비코리아
723,025560,미래산업
724,004920,씨아이테크
725,033250,체시스
726,075180,새론오토모티브
727,000890,보해양조
728,378850,화승알앤에이
729,008870,금비
730,002140,고려산업
731,014790,HL D&I
732,014440,영보화학
733,03473K,SK우
734,001260,남광토건
735,338100,NH프라임리츠
736,100220,비상교육
737,002920,유성기업
738,041650,상신브레이크
739,111110,호전실업
740,006880,신송홀딩스
741,002760,보락
742,069460,대호에이엘
743,000105,유한양행우
744,018500,동원금속
745,008110,대동전자
746,001550,조비
747,002360,SH에너지화학
748,129260,인터지스
749,013700,까뮤이앤씨
750,021050,서원
751,006660,삼성공조
752,008250,이건산업
753,000850,화천기공
754,090080,평화산업
755,002630,오리엔트바이오
756,155660,DSR
757,102280,쌍방울
758,025750,한솔홈데코
759,004410,서울식품
760,000590,CS홀딩스
761,027740,마니커
762,003010,혜인
763,357430,마스턴프리미어리츠
764,004450,삼화왕관
765,009180,한솔로지스틱스
766,001380,SG글로벌
767,009320,대우부품
768,000650,천일고속
769,069640,한세엠케이
770,011390,부산산업
771,001620,케이비아이동국실업
772,010640,진양폴리
773,120115,코오롱인더우
774,021820,세원정공
775,014130,한익스프레스
776,071090,하이스틸
777,015260,에이엔피
778,009810,플레이그램
779,002220,한일철강
780,092780,동양피스톤
781,008420,문배철강
782,143210,핸즈코퍼레이션
783,078935,GS우
784,28513K,SK케미칼우
785,002795,아모레G우
786,014710,사조씨푸드
787,014990,인디에프
788,000157,두산2우B
789,006980,우성
790,090370,메타랩스
791,009770,삼정펄프
792,023350,한국종합기술
793,005750,대림B&Co
794,069730,DSR제강
795,049800,우진플라임
796,357250,미래에셋맵스리츠
797,009835,한화솔루션우
798,003080,성보화학
799,003560,IHQ
800,001275,부국증권우
801,019180,티에이치엔
802,004440,삼일씨엔에스
803,020760,일진디스플
804,012160,영흥
805,006805,미래에셋증권우
806,118000,에스메디
807,000725,현대건설우
808,145210,다이나믹디자인
809,002410,범양건영
810,023960,에쓰씨엔지니어링
811,123700,SJM
812,134790,시디즈
813,009460,한창제지
814,005360,모나미
815,091090,세원이앤씨
816,025530,SJM홀딩스
817,007610,선도전기
818,005305,롯데칠성우
819,034300,신세계건설
820,004870,티웨이홀딩스
821,003535,한화투자증권우
822,019175,신풍제약우
823,072130,유엔젤
824,37550L,DL이앤씨2우(전환)
825,145270,케이탑리츠
826,023150,MH에탄올
827,003925,남양유업우
828,33637K,솔루스첨단소재1우
829,012200,계양전기
830,051630,진양화학
831,000040,KR모터스
832,012280,영화금속
833,010770,평화홀딩스
834,006570,대림통상
835,084695,대상홀딩스우
836,006125,SK디스커버리우
837,093240,형지엘리트
838,009190,대양금속
839,008600,윌비스
840,006200,한국전자홀딩스
841,011230,삼화전자
842,001070,대한방직
843,000760,이화산업
844,005820,원림
845,010400,우진아이엔에스
846,37550K,DL이앤씨우
847,000215,DL우
848,003465,유화증권우
849,024070,WISCOM
850,013000,세우글로벌
851,005320,국동
852,000950,전방
853,019490,하이트론
854,005030,부산주공
855,002070,비비안
856,084670,동양고속
857,002880,대유에이텍
858,002690,동일제강
859,006380,카프로
860,001420,태원물산
861,133820,화인베스틸
862,084870,TBH글로벌
863,004105,태양금속우
864,001140,국보
865,009310,참엔지니어링
866,002420,세기상사
867,008775,호텔신라우
868,003475,유안타증권우
869,011090,에넥스
870,030720,동원수산
871,025890,한국주강
872,007120,미래아이앤지
873,003680,한성기업
874,044380,주연테크
875,014910,성문전자
876,009140,경인전자
877,019685,대교우B
878,015020,이스타코
879,002820,SUN&L
880,005257,녹십자홀딩스2우
881,001210,금호전기
882,001465,BYC우
883,00499K,롯데지주우
884,002870,신풍
885,005110,한창
886,001685,대상우
887,33626L,두산퓨얼셀2우B
888,003495,대한항공우
889,004835,덕성우
890,004365,세방우
891,010420,한솔PNS
892,000300,대유플러스
893,088790,진도
894,001770,SHD
895,025620,제이준코스메틱
896,152550,한국ANKOR유전
897,108675,LX하우시스우
898,35320K,대덕전자1우
899,002355,넥센타이어1우B
900,007815,코리아써우
901,001795,대한제당우
902,030790,비케이탑스
903,071950,코아스
904,36328K,티와이홀딩스우
905,000225,유유제약1우
906,000087,하이트진로2우B
907,000075,삼양홀딩스우
908,000885,한화우
909,002025,코오롱우
910,004255,NPC우
911,33637L,솔루스첨단소재2우B
912,008500,일정실업
913,140910,에이리츠
914,45014K,코오롱모빌리티그룹우
915,18064K,한진칼우
916,38380K,LX홀딩스1우
917,003075,코오롱글로벌우
918,000325,노루홀딩스우
919,001067,JW중외제약2우B
920,008355,남선알미우
921,00806K,대덕1우
922,001065,JW중외제약우
923,005725,넥센우
924,45226K,한화갤러리아우
925,090355,노루페인트우
926,001515,SK증권우
927,145995,삼양사우
928,004985,성신양회우
929,26490K,크라운제과우
930,009415,태영건설우
931,007575,일양약품우
932,005745,크라운해태홀딩스우
933,006345,대원전선우
934,014825,동원시스템즈우
935,001755,한양증권우
936,00781K,코리아써키트2우B
937,014285,금강공업우
938,000145,하이트진로홀딩스우
939,004545,깨끗한나라우
940,005965,동부건설우
941,000545,흥국화재우
942,000227,유유제약2우B
943,012205,계양전기우
944,011155,CJ씨푸드1우
945,002995,금호건설우
946,004415,서울식품우
947,014915,성문전자우
948,002785,진흥기업우B
949,001525,동양우
950,001527,동양2우B
951,002787,진흥기업2우B
952,247540,에코프로비엠
953,086520,에코프로
954,091990,셀트리온헬스케어
955,022100,포스코DX
956,066970,엘앤에프
957,028300,HLB
958,196170,알테오젠
959,403870,HPSP
960,035900,JYP Ent.
961,068760,셀트리온제약
962,058470,리노공업
963,277810,레인보우로보틱스
964,263750,펄어비스
965,112040,위메이드
966,214150,클래시스
967,357780,솔브레인
968,328130,루닛
969,293490,카카오게임즈
970,041510,에스엠
971,005290,동진쎄미켐
972,145020,휴젤
973,095340,ISC
974,039030,이오테크닉스
975,035760,CJ ENM
976,393890,더블유씨피
977,240810,원익IPS
978,253450,스튜디오드래곤
979,000250,삼천당제약
980,036930,주성엔지니어링
981,086900,메디톡스
982,214370,케어젠
983,121600,나노신소재
984,025900,동화기업
985,278280,천보
986,141080,레고켐바이오
987,067310,하나마이크론
988,078600,대주전자재료
989,096530,씨젠
990,064760,티씨케이
991,034230,파라다이스
992,365340,성일하이텍
993,222800,심텍
994,237690,에스티팜
995,348370,엔켐
996,195940,HK이노엔
997,048410,현대바이오
998,137400,피엔티
999,122870,와이지엔터테인먼트
1000,213420,덕산네오룩스
1001,214450,파마리서치
1002,140860,파크시스템스
1003,225570,넥슨게임즈
1004,065350,신성델타테크
1005,033290,코웰패션
1006,056190,에스에프에이
1007,383310,에코프로에이치엔
1008,298380,에이비엘바이오
1009,140410,메지온
1010,067630,HLB생명과학
1011,281740,레이크머티리얼즈
1012,166090,하나머티리얼즈
1013,101490,에스앤에스텍
1014,009520,포스코엠텍
1015,016790,카나리아바이오
1016,440110,파두
1017,036830,솔브레인홀딩스
1018,084370,유진테크
1019,336570,원텍
1020,420770,기가비스
1021,085660,차바이오텍
1022,067160,아프리카TV
1023,418550,제이오
1024,036540,SFA반도체
1025,372170,윤성에프앤씨
1026,058970,엠로
1027,131970,두산테스나
1028,003380,하림지주
1029,222080,씨아이에스
1030,064550,바이오니아
1031,287410,제이시스메디칼
1032,376300,디어유
1033,189300,인텔리안테크
1034,098460,고영
1035,039200,오스코텍
1036,091120,이엠텍
1037,053800,안랩
1038,204270,제이앤티씨
1039,215200,메가스터디교육
1040,087010,펩트론
1041,058610,에스피지
1042,074600,원익QnC
1043,290650,엘앤씨바이오
1044,348210,넥스틴
1045,078340,컴투스
1046,015750,성우하이텍
1047,178320,서진시스템
1048,060280,큐렉소
1049,042000,카페24
1050,310210,보로노이
1051,099190,아이센스
1052,086450,동국제약
1053,095660,네오위즈
1054,094360,칩스앤미디어
1055,272290,이녹스첨단소재
1056,950160,코오롱티슈진
1057,183300,코미코
1058,215600,신라젠
1059,041190,우리기술투자
1060,025980,아난티
1061,299900,위지윅스튜디오
1062,018290,브이티
1063,352480,씨앤씨인터내셔널
1064,046890,서울반도체
1065,194480,데브시스터즈
1066,319660,피에스케이
1067,136510,스마트솔루션즈
1068,119860,커넥트웨이브
1069,036810,에프에스티
1070,182400,엔케이맥스
1071,399720,가온칩스
1072,101730,위메이드맥스
1073,131290,티에스이
1074,299030,하나기술
1075,108860,셀바스AI
1076,199800,툴젠
1077,215000,골프존
1078,053610,프로텍
1079,082270,젬백스
1080,031980,피에스케이홀딩스
1081,094480,갤럭시아머니트리
1082,069080,웹젠
1083,360070,탑머티리얼
1084,144510,지씨셀
1085,445090,에이직랜드
1086,200130,콜마비앤에이치
1087,039440,에스티아이
1088,237880,클리오
1089,007390,네이처셀
1090,257720,실리콘투
1091,091700,파트론
1092,095500,미래나노텍
1093,068240,다원시스
1094,060250,NHN KCP
1095,084850,아이티엠반도체
1096,032190,다우데이타
1097,335890,비올
1098,338220,뷰노
1099,032500,케이엠더블유
1100,006730,서부T&D
1101,043150,바텍
1102,079370,제우스
1103,179900,유티아이
1104,243070,휴온스
1105,425040,티이엠씨
1106,052020,에스티큐브
1107,114190,강원에너지
1108,394280,오픈엣지테크놀로지
1109,448280,에코아이
1110,049070,인탑스
1111,054450,텔레칩스
1112,206640,바디텍메드
1113,093320,케이아이엔엑스
1114,056080,유진로봇
1115,119610,인터로조
1116,358570,지아이이노베이션
1117,432470,케이엔에스
1118,319400,현대무벡스
1119,323990,박셀바이오
1120,095700,제넥신
1121,228760,지노믹트리
1122,200670,휴메딕스
1123,064290,인텍플러스
1124,080220,제주반도체
1125,101160,월덱스
1126,023160,태광
1127,151860,KG ETS
1128,099430,바이오플러스
1129,025320,시노펙스
1130,095610,테스
1131,218410,RFHIC
1132,047920,HLB제약
1133,033640,네패스
1134,118990,모트렉스
1135,033500,동성화인텍
1136,241710,코스메카코리아
1137,035600,KG이니시스
1138,950130,엑세스바이오
1139,104830,원익머트리얼즈
1140,082920,비츠로셀
1141,378340,필에너지
1142,110990,디아이티
1143,402030,코난테크놀로지
1144,445680,큐리옥스바이오시스템즈
1145,079810,디이엔티
1146,029960,코엔텍
1147,317330,덕산테코피아
1148,206650,유바이오로직스
1149,013030,하이록코리아
1150,122640,예스티
1151,025770,한국정보통신
1152,089010,켐트로닉스
1153,034950,한국기업평가
1154,089970,에이피티씨
1155,425420,티에프이
1156,340570,티앤엘
1157,064260,다날
1158,089030,테크윙
1159,014620,성광벤드
1160,322510,제이엘케이
1161,200710,에이디테크놀로지
1162,060150,인선이엔티
1163,102710,이엔에프테크놀로지
1164,030520,한글과컴퓨터
1165,117730,티로보틱스
1166,038500,삼표시멘트
1167,042600,새로닉스
1168,267980,매일유업
1169,263720,디앤씨미디어
1170,094170,동운아나텍
1171,041830,인바디
1172,348340,뉴로메카
1173,050890,쏠리드
1174,039840,디오
1175,372320,큐로셀
1176,290690,소룩스
1177,060720,KH바텍
1178,217270,넵튠
1179,228670,레이
1180,298830,슈어소프트테크
1181,439090,마녀공장
1182,083310,엘오티베큠
1183,396270,넥스트칩
1184,061970,LB세미콘
1185,314930,바이오다인
1186,243840,신흥에스이씨
1187,265520,AP시스템
1188,063080,컴투스홀딩스
1189,054950,제이브이엠
1190,035890,서희건설
1191,230360,에코마케팅
1192,251970,펌텍코리아
1193,084650,랩지노믹스
1194,108490,로보티즈
1195,036620,감성코퍼레이션
1196,058820,CMG제약
1197,048530,인트론바이오
1198,330860,네패스아크
1199,107600,새빗켐
1200,307750,국전약품
1201,077360,덕산하이메탈
1202,136480,하림
1203,033100,제룡전기
1204,032300,한국파마
1205,089980,상아프론테크
1206,432720,퀄리타스반도체
1207,041960,코미팜
1208,102940,코오롱생명과학
1209,232140,와이아이케이
1210,080160,모두투어
1211,402490,그린리소스
1212,217820,원익피앤이
1213,304100,솔트룩스
1214,013120,동원개발
1215,003800,에이스침대
1216,441270,파인엠텍
1217,059090,미코
1218,217330,싸이토젠
1219,282880,코윈테크
1220,049950,미래컴퍼니
1221,108230,톱텍
1222,334970,프레스티지바이오로직스
1223,338840,와이바이오로직스
1224,044490,태웅
1225,031330,에스에이엠티
1226,051500,CJ프레시웨이
1227,138580,비즈니스온
1228,389260,대명에너지
1229,354320,알멕
1230,084110,휴온스글로벌
1231,115450,HLB테라퓨틱스
1232,126700,하이비젼시스템
1233,382840,원준
1234,092070,디엔에프
1235,205470,휴마시스
1236,254490,미래반도체
1237,417010,나노팀
1238,060370,LS마린솔루션
1239,078160,메디포스트
1240,214680,디알텍
1241,045100,한양이엔지
1242,023410,유진기업
1243,297890,HB솔루션
1244,030530,원익홀딩스
1245,063170,서울옥션
1246,370090,퓨런티어
1247,384470,코어라인소프트
1248,216080,제테마
1249,027360,아주IB투자
1250,042420,네오위즈홀딩스
1251,034810,해성산업
1252,036030,케이티알파
1253,051360,토비스
1254,357550,석경에이티
1255,099320,쎄트렉아이
1256,100790,미래에셋벤처투자
1257,093640,케이알엠
1258,045390,대아티아이
1259,005160,동국산업
1260,100120,뷰웍스
1261,090360,로보스타
1262,053030,바이넥스
1263,092040,아미코젠
1264,126340,비나텍
1265,289220,자이언트스텝
1266,084990,헬릭스미스
1267,114810,한솔아이원스
1268,252990,샘씨엔에스
1269,121800,비덴트
1270,424960,스마트레이더시스템
1271,032620,유비케어
1272,033160,엠케이전자
1273,146320,비씨엔씨
1274,950140,잉글우드랩
1275,298540,더네이쳐홀딩스
1276,086390,유니테스트
1277,297090,씨에스베어링
1278,040300,YTN
1279,171090,선익시스템
1280,356860,티엘비
1281,052400,코나아이
1282,230240,에치에프알
1283,123860,아나패스
1284,096040,이트론
1285,018310,삼목에스폼
1286,268600,셀리버리
1287,089600,나스미디어
1288,078070,유비쿼스홀딩스
1289,285490,노바텍
1290,104460,디와이피엔에프
1291,397030,에이프릴바이오
1292,083930,아바코
1293,036200,유니셈
1294,126600,BGF에코머티리얼즈
1295,017890,한국알콜
1296,290670,대보마그네틱
1297,053080,케이엔솔
1298,054210,이랜텍
1299,038290,마크로젠
1300,101360,에코앤드림
1301,047310,파워로직스
1302,090710,휴림로봇
1303,101670,하이드로리튬
1304,256840,한국비엔씨
1305,051370,인터플렉스
1306,451760,컨텍
1307,161580,필옵틱스
1308,122450,KX
1309,060590,씨티씨바이오
1310,239890,피엔에이치테크
1311,048870,시너지이노베이션
1312,204620,글로벌텍스프리
1313,318020,포인트모바일
1314,453860,에이에스텍
1315,041020,폴라리스오피스
1316,078020,이베스트투자증권
1317,389500,에스비비테크
1318,214430,아이쓰리시스템
1319,182360,큐브엔터
1320,123040,엠에스오토텍
1321,149950,아바텍
1322,150840,인트로메딕
1323,144960,뉴파워프라즈마
1324,365590,하이딥
1325,109610,에스와이
1326,053300,한국정보인증
1327,083650,비에이치아이
1328,416180,신성에스티
1329,091580,상신이디피
1330,036800,나이스정보통신
1331,194700,노바렉스
1332,046440,KG모빌리언스
1333,143160,아이디스
1334,294570,쿠콘
1335,088390,이녹스
1336,036890,진성티이씨
1337,038540,상상인
1338,030960,양지사
1339,226950,올릭스
1340,079940,가비아
1341,011040,경동제약
1342,122990,와이솔
1343,418420,라온텍
1344,190510,나무가
1345,206560,덱스터
1346,083450,GST
1347,057880,피에이치씨
1348,315640,딥노이드
1349,179290,엠아이텍
1350,278650,HLB바이오스텝
1351,065510,휴비츠
1352,322310,오로스테크놀로지
1353,033340,좋은사람들
1354,035810,이지홀딩스
1355,086890,이수앱지스
1356,036560,영풍정밀
1357,138610,나이벡
1358,131370,알서포트
1359,067280,멀티캠퍼스
1360,032820,우리기술
1361,125210,아모그린텍
1362,241820,피씨엘
1363,067000,조이시티
1364,073490,이노와이어리스
1365,096240,크레버스
1366,014470,부방
1367,405100,큐알티
1368,078150,HB테크놀러지
1369,086980,쇼박스
1370,063570,한국전자금융
1371,114840,아이패밀리에스씨
1372,037070,파세코
1373,078350,한양디지텍
1374,211270,AP위성
1375,110790,크리스에프앤씨
1376,080420,모다이노칩
1377,166480,코아스템켐온
1378,131400,이브이첨단소재
1379,036010,아비코전자
1380,225530,보광산업
1381,143240,사람인
1382,092730,네오팜
1383,042370,비츠로테크
1384,083790,CG인바이츠
1385,234340,헥토파이낸셜
1386,023760,한국캐피탈
1387,038110,에코플라스틱
1388,172670,에이엘티
1389,192440,슈피겐코리아
1390,174900,앱클론
1391,073570,리튬포어스
1392,043610,지니뮤직
1393,376930,노을
1394,388720,유일로보틱스
1395,045970,코아시아
1396,452280,한선엔지니어링
1397,089890,코세스
1398,043370,피에이치에이
1399,048550,SM C&C
1400,214180,헥토이노베이션
1401,950170,JTC
1402,321550,티움바이오
1403,044340,위닉스
1404,262260,에이프로
1405,042520,한스바이오메드
1406,277880,티에스아이
1407,024810,이화전기
1408,347860,알체라
1409,208370,셀바스헬스케어
1410,251370,와이엠티
1411,203650,드림시큐리티
1412,900290,GRT
1413,445180,퓨릿
1414,180400,DXVX
1415,027710,팜스토리
1416,419530,SAMG엔터
1417,293780,압타바이오
1418,251630,브이원텍
1419,084730,팅크웨어
1420,115960,연우
1421,156100,엘앤케이바이오
1422,314130,지놈앤컴퍼니
1423,356680,엑스게이트
1424,220100,퓨쳐켐
1425,005860,한일사료
1426,092130,이크레더블
1427,195990,에이비프로바이오
1428,072770,율호
1429,123420,위메이드플레이
1430,950220,네오이뮨텍
1431,102120,어보브반도체
1432,019210,와이지-원
1433,100130,동국S&C
1434,036710,심텍홀딩스
1435,173130,오파스넷
1436,093520,매커스
1437,136540,윈스
1438,102370,케이옥션
1439,068930,디지털대성
1440,104480,티케이케미칼
1441,067080,대화제약
1442,023910,대한약품
1443,121440,골프존뉴딘홀딩스
1444,094820,일진파워
1445,264450,유비쿼스
1446,060570,드림어스컴퍼니
1447,051980,중앙첨단소재
1448,253590,네오셈
1449,382800,지앤비에스 에코
1450,226330,신테카바이오
1451,018000,유니슨
1452,214260,라파스
1453,357230,에이치피오
1454,090470,제이스텍
1455,273640,와이엠텍
1456,246710,티앤알바이오팹
1457,024850,HLB이노베이션
1458,168360,펨트론
1459,035080,그래디언트
1460,068790,DMS
1461,382900,범한퓨얼셀
1462,036190,금화피에스시
1463,137950,제이씨케미칼
1464,051160,지어소프트
1465,040910,아이씨디
1466,012700,리드코프
1467,294090,이오플로우
1468,376190,LB루셈
1469,419050,삼기이브이
1470,900250,크리스탈신소재
1471,377480,마음AI
1472,396470,워트
1473,119830,아이텍
1474,041590,플래스크
1475,310200,애니플러스
1476,388870,파로스아이바이오
1477,950190,고스트스튜디오
1478,160980,싸이맥스
1479,348150,고바이오랩
1480,317770,엑스페릭스
1481,013310,아진산업
1482,079960,동양이엔피
1483,012860,모베이스전자
1484,073640,테라사이언스
1485,330350,위더스제약
1486,036630,세종텔레콤
1487,388050,지투파워
1488,006620,동구바이오제약
1489,060560,홈센타홀딩스
1490,377450,리파인
1491,220260,켐트로스
1492,067990,도이치모터스
1493,290550,디케이티
1494,418470,밀리의서재
1495,274090,켄코아에어로스페이스
1496,027830,대성창투
1497,253840,수젠텍
1498,222810,세토피아
1499,443250,레뷰코퍼레이션
1500,047560,이스트소프트
1501,300120,라온피플
1502,078940,퀀타피아
1503,389020,자람테크놀로지
1504,236200,슈프리마
1505,291230,엔피
1506,228850,레이언스
1507,419080,엔젯
1508,058400,KNN
1509,211050,인카금융서비스
1510,065560,녹원씨엔아이
1511,039560,다산네트웍스
1512,282720,금양그린파워
1513,250060,모비스
1514,052260,현대바이오랜드
1515,006910,보성파워텍
1516,054780,키이스트
1517,082800,비보존 제약
1518,023600,삼보판지
1519,033230,인성정보
1520,352090,스톰테크
1521,183490,엔지켐생명과학
1522,021080,에이티넘인베스트
1523,205100,엑셈
1524,048910,대원미디어
1525,023900,풍국주정
1526,235980,메드팩토
1527,311320,지오엘리먼트
1528,099440,스맥
1529,092190,서울바이오시스
1530,033310,엠투엔
1531,259630,엠플러스
1532,362320,청담글로벌
1533,032860,더라미
1534,267320,나인테크
1535,261780,차백신연구소
1536,432430,와이랩
1537,046210,HLB파나진
1538,236810,엔비티
1539,061250,화일약품
1540,270660,에브리봇
1541,261200,덴티스
1542,037460,삼지전자
1543,311690,CJ 바이오사이언스
1544,090850,현대이지웰
1545,300080,플리토
1546,109740,디에스케이
1547,010470,오리콤
1548,403490,우듬지팜
1549,026150,특수건설
1550,272110,케이엔제이
1551,451220,아이엠티
1552,140070,서플러스글로벌
1553,007330,푸른저축은행
1554,014940,오리엔탈정공
1555,086960,MDS테크
1556,207760,미스터블루
1557,066700,테라젠이텍스
1558,366030,공구우먼
1559,371950,풍원정밀
1560,163730,핑거
1561,407400,꿈비
1562,216050,인크로스
1563,065660,안트로젠
1564,072870,메가스터디
1565,013990,아가방컴퍼니
1566,025950,동신건설
1567,373200,하인크코리아
1568,164060,이루다
1569,408900,스튜디오미르
1570,071200,인피니트헬스케어
1571,104540,코렌텍
1572,067900,와이엔텍
1573,105330,케이엔더블유
1574,111710,남화산업
1575,019550,SBI인베스트먼트
1576,049720,고려신용정보
1577,038390,레드캡투어
1578,159010,아스플로
1579,039340,한국경제TV
1580,159580,제로투세븐
1581,269620,시스웍
1582,047820,초록뱀미디어
1583,065680,우주일렉트로
1584,263600,덕우전자
1585,054050,농우바이오
1586,054670,대한뉴팜
1587,361390,제노코
1588,138080,오이솔루션
1589,124560,태웅로직스
1590,317870,엔바이오니아
1591,377030,맥스트
1592,096630,에스코넥
1593,347890,엠투아이
1594,036120,SCI평가정보
1595,053580,웹케시
1596,124500,아이티센
1597,222040,코스맥스엔비티
1598,054620,APS
1599,041930,동아화성
1600,082850,우리바이오
1601,241840,에이스토리
1602,100700,세운메디칼
1603,057680,티사이언티픽
1604,115160,휴맥스
1605,365270,큐라클
1606,058630,엠게임
1607,088800,에이스테크
1608,337930,브랜드엑스코퍼레이션
1609,053700,삼보모터스
1610,355390,크라우드웍스
1611,452160,제이엔비
1612,099750,이지케어텍
1613,003100,선광
1614,064820,케이프
1615,085670,뉴프렉스
1616,170920,엘티씨
1617,357580,아모센스
1618,086820,바이오솔루션
1619,417790,트루엔
1620,340930,유일에너테크
1621,120240,대정화금
1622,067290,JW신약
1623,160550,NEW
1624,251120,바이오에프디엔씨
1625,092870,엑시콘
1626,215360,우리산업
1627,038880,아이에이
1628,263690,디알젬
1629,215090,휴센텍
1630,061040,알에프텍
1631,178780,일월지엠엘
1632,126880,제이엔케이히터
1633,323230,엠에프엠코리아
1634,241790,오션브릿지
1635,293580,나우IB
1636,086670,비엠티
1637,446540,메가터치
1638,074430,아미노로직스
1639,355690,에이텀
1640,106080,하이소닉
1641,271830,팸텍
1642,340360,다보링크
1643,024060,흥구석유
1644,149980,하이로닉
1645,092460,한라IMS
1646,171120,라이온켐텍
1647,382480,지아이텍
1648,234690,녹십자웰빙
1649,430690,한싹
1650,005990,매일홀딩스
1651,065450,빅텍
1652,053280,예스24
1653,411080,샌즈랩
1654,054800,아이디스홀딩스
1655,440320,오픈놀
1656,264660,씨앤지하이테크
1657,041920,메디아나
1658,264850,이랜시스
1659,203400,에이비온
1660,098120,마이크로컨텍솔
1661,052420,오성첨단소재
1662,046140,SBS콘텐츠허브
1663,353810,이지바이오
1664,067370,선바이오
1665,200230,텔콘RF제약
1666,040420,정상제이엘에스
1667,389470,인벤티지랩
1668,162300,신스틸
1669,383930,디티앤씨알오
1670,005710,대원산업
1671,232680,라온테크
1672,037950,엘컴텍
1673,199820,제일전기공업
1674,294140,레몬
1675,108380,대양전기공업
1676,089850,유비벨록스
1677,052790,액토즈소프트
1678,035610,솔본
1679,219130,타이거일렉
1680,021320,KCC건설
1681,256940,케이피에스
1682,072020,중앙백신
1683,066790,씨씨에스
1684,073010,케이에스피
1685,217190,제너셈
1686,270520,지오릿에너지
1687,417500,제이아이테크
1688,027050,코리아나
1689,052710,아모텍
1690,140670,알에스오토메이션
1691,332570,와이팜
1692,041440,현대에버다임
1693,067570,엔브이에이치코리아
1694,093920,서원인텍
1695,274400,이노시뮬레이션
1696,352910,오비고
1697,260930,씨티케이
1698,305090,마이크로디지탈
1699,191420,테고사이언스
1700,265560,영화테크
1701,001540,안국약품
1702,263860,지니언스
1703,950110,SBI핀테크솔루션즈
1704,064240,홈캐스트
1705,009300,삼아제약
1706,104620,노랑풍선
1707,060310,3S
1708,200470,에이팩트
1709,160600,이큐셀
1710,288620,에스퓨얼셀
1711,450520,인스웨이브시스템즈
1712,037440,희림
1713,101930,인화정공
1714,391710,코닉오토메이션
1715,255440,야스
1716,290720,푸드나무
1717,049960,쎌바이오텍
1718,064800,젬백스링크
1719,068050,팬엔터테인먼트
1720,093190,빅솔론
1721,073560,우리손에프앤지
1722,258610,케일럼
1723,333620,엔시스
1724,018120,진로발효
1725,368770,파이버프로
1726,000440,중앙에너비스
1727,376980,원티드랩
1728,284620,카이노스메드
1729,150900,파수
1730,105550,트루윈
1731,241690,유니테크노
1732,066620,국보디자인
1733,365330,에스와이스틸텍
1734,078140,대봉엘에스
1735,153710,옵티팜
1736,155650,와이엠씨
1737,007820,에스엠코어
1738,238090,앤디포스
1739,170030,현대공업
1740,361570,알비더블유
1741,142280,녹십자엠에스
1742,049080,기가레인
1743,201490,미투온
1744,306620,네온테크
1745,309960,LB인베스트먼트
1746,029480,광무
1747,226400,오스테오닉
1748,158430,아톤
1749,246720,아스타
1750,203690,스피어파워
1751,353590,오토앤
1752,348080,큐라티스
1753,302550,리메드
1754,141000,비아트론
1755,049520,유아이엘
1756,396300,세아메카닉스
1757,050110,캠시스
1758,078130,국일제지
1759,196490,디에이테크놀로지
1760,234300,에스트래픽
1761,289080,SV인베스트먼트
1762,071670,에이테크솔루션
1763,033830,티비씨
1764,027580,상보
1765,043650,국순당
1766,002800,신신제약
1767,052330,코텍
1768,263050,유틸렉스
1769,065710,서호전기
1770,053980,오상자이엘
1771,352700,씨앤투스
1772,032850,비트컴퓨터
1773,226440,한송네오텍
1774,950200,소마젠
1775,408920,메쎄이상
1776,033540,파라텍
1777,348350,위드텍
1778,302430,이노메트리
1779,037370,EG
1780,053050,지에스이
1781,112290,와이씨켐
1782,066590,우수AMS
1783,094850,참좋은여행
1784,039860,나노엔텍
1785,106190,하이텍팜
1786,033320,제이씨현시스템
1787,217730,강스템바이오텍
1788,206400,베노티앤알
1789,059210,메타바이오메드
1790,010170,대한광통신
1791,234100,폴라리스세원
1792,317830,에스피시스템스
1793,054930,유신
1794,024880,케이피에프
1795,122310,제노레이
1796,045660,에이텍
1797,053260,금강철강
1798,069510,에스텍
1799,065950,웰크론
1800,225190,삼양옵틱스
1801,019010,베뉴지
1802,042510,라온시큐어
1803,308080,바이젠셀
1804,036090,위지트
1805,095190,이엠코리아
1806,066410,버킷스튜디오
1807,321370,센서뷰
1808,011370,서한
1809,011320,유니크
1810,217500,러셀
1811,059120,아진엑스텍
1812,083500,에프엔에스테크
1813,290090,트윔
1814,053450,세코닉스
1815,234920,자이글
1816,086040,바이오톡스텍
1817,033170,시그네틱스
1818,006580,대양제지
1819,049180,셀루메드
1820,011560,세보엠이씨
1821,187870,디바이스이엔지
1822,215100,로보로보
1823,130580,나이스디앤비
1824,048430,유라테크
1825,240600,유진테크놀로지
1826,078890,가온그룹
1827,065530,와이어블
1828,369370,블리츠웨이
1829,417970,모델솔루션
1830,039290,인포뱅크
1831,424980,마이크로투나노
1832,294630,서남
1833,009780,엠에스씨
1834,056090,이노시스
1835,192250,케이사인
1836,347000,센코
1837,257370,피엔티엠에스
1838,086710,선진뷰티사이언스
1839,066670,디스플레이텍
1840,065130,탑엔지니어링
1841,218150,미래생명자원
1842,256630,포인트엔지니어링
1843,090410,덕신하우징
1844,368600,아이씨에이치
1845,053290,NE능률
1846,006140,피제이전자
1847,069920,아이에스이커머스
1848,080000,에스엔유
1849,058110,멕아이씨에스
1850,014200,광림
1851,025550,한국선재
1852,087260,모바일어플라이언스
1853,012790,신일제약
1854,105740,디케이락
1855,389140,포바이포
1856,091590,남화토건
1857,208140,정다운
1858,128660,피제이메탈
1859,306040,에스제이그룹
1860,260660,알리코제약
1861,004650,창해에탄올
1862,024940,PN풍년
1863,046120,오르비텍
1864,214270,FSN
1865,309930,오하임앤컴퍼니
1866,304360,에스바이오메딕스
1867,091440,텔레필드
1868,020710,시공테크
1869,123410,코리아에프티
1870,377220,프롬바이오
1871,263700,케어랩스
1872,333430,일승
1873,204610,티쓰리
1874,063440,SM Life Design
1875,054920,한컴위드
1876,032540,TJ미디어
1877,088280,쏘닉스
1878,417840,저스템
1879,129920,대성하이텍
1880,049430,코메론
1881,036640,HRS
1882,241770,메카로
1883,051490,나라엠앤디
1884,196300,애니젠
1885,071280,로체시스템즈
1886,276040,스코넥
1887,127980,화인써키트
1888,103840,우양
1889,301300,바이브컴퍼니
1890,327260,RF머트리얼즈
1891,043910,자연과환경
1892,064480,브리지텍
1893,389030,지니너스
1894,039240,경남스틸
1895,046390,삼화네트웍스
1896,340810,씨유박스
1897,097800,윈팩
1898,131030,옵투스제약
1899,009730,코센
1900,241520,DSC인베스트먼트
1901,226340,본느
1902,438700,버넥트
1903,038680,에스넷
1904,134580,탑코미디어
1905,355150,코스텍시스
1906,038870,에코바이오
1907,214610,미코바이오메드
1908,100590,머큐리
1909,066310,큐에스아이
1910,024950,삼천리자전거
1911,019590,엠벤처투자
1912,263800,데이타솔루션
1913,096690,에이루트
1914,115500,케이씨에스
1915,363260,모비데이즈
1916,017480,삼현철강
1917,417860,오브젠
1918,076080,웰크론한텍
1919,054040,한국컴퓨터
1920,339950,아이비김영
1921,033130,디지틀조선
1922,049550,잉크테크
1923,239610,에이치엘사이언스
1924,122350,삼기
1925,148150,세경하이테크
1926,066980,한성크린텍
1927,024800,유성티엔에스
1928,024910,경창산업
1929,088290,이원컴포텍
1930,014570,고려제약
1931,307180,아이엘사이언스
1932,041520,이라이콤
1933,038070,서린바이오
1934,013720,CBI
1935,036670,KCI
1936,347770,핌스
1937,041910,에스텍파마
1938,089790,제이티
1939,015710,코콤
1940,049480,오픈베이스
1941,413640,비아이매트릭스
1942,378800,샤페론
1943,288980,모아데이타
1944,205500,액션스퀘어
1945,348030,모비릭스
1946,046970,우리로
1947,307930,컴퍼니케이
1948,175250,아이큐어
1949,239340,줌인터넷
1950,186230,그린플러스
1951,189980,흥국에프엔비
1952,095270,웨이브일렉트로
1953,042110,에스씨디
1954,109860,동일금속
1955,405920,나라셀라
1956,066910,손오공
1957,064850,에프앤가이드
1958,041460,한국전자인증
1959,229000,젠큐릭스
1960,037330,인지디스플레
1961,088910,동우팜투테이블
1962,002230,피에스텍
1963,373170,엠아이큐브솔루션
1964,081150,티플랙스
1965,060850,영림원소프트랩
1966,039830,오로라
1967,038010,제일테크노스
1968,352770,클리노믹스
1969,434480,모니터랩
1970,173940,에프엔씨엔터
1971,322180,티라유텍
1972,092300,현우산업
1973,376180,피코그램
1974,317690,퀀타매트릭스
1975,053950,경남제약
1976,322780,코퍼스코리아
1977,007370,진양제약
1978,101330,모베이스
1979,388790,라이콤
1980,109820,진매트릭스
1981,187420,제노포커스
1982,290740,액트로
1983,042040,케이피엠테크
1984,200350,래몽래인
1985,223250,드림씨아이에스
1986,023440,제이스코홀딩스
1987,314140,알피바이오
1988,053270,구영테크
1989,224110,에이텍모빌리티
1990,347740,피엔케이피부임상연구센타
1991,052220,iMBC
1992,101170,우림피티에스
1993,367000,플래티어
1994,082210,옵트론텍
1995,263770,유에스티
1996,405000,플라즈맵
1997,265740,엔에프씨
1998,219420,링크제니시스
1999,255220,SG
2000,151910,SBW생명과학
2001,225220,제놀루션
2002,115440,우리넷
2003,418250,시큐레터
2004,142210,유니트론텍
2005,412350,레이저쎌
2006,007680,대원
2007,057030,YBM넷
2008,094840,슈프리마에이치큐
2009,147830,제룡산업
2010,330730,스톤브릿지벤처스
2011,017650,대림제지
2012,303530,이노뎁
2013,043220,티에스넥스젠
2014,204840,지엘팜텍
2015,317850,대모
2016,069540,라이트론
2017,024740,한일단조
2018,043260,성호전자
2019,010240,흥국
2020,198940,한주라이트메탈
2021,238490,힘스
2022,336060,웨이버스
2023,242040,나무기술
2024,094940,푸른기술
2025,053160,프리엠스
2026,187220,디티앤씨
2027,260970,에스앤디
2028,066130,하츠
2029,900100,애머릿지
2030,096350,대창솔루션
2031,171010,램테크놀러지
2032,442900,미래에셋드림스팩1호
2033,038460,바이오스마트
2034,044960,이글벳
2035,222420,쎄노텍
2036,119850,지엔씨에너지
2037,060230,소니드
2038,128540,에코캡
2039,170790,파이오링크
2040,250000,보라티알
2041,040160,누리플렉스
2042,097870,효성오앤비
2043,323280,태성
2044,136410,아셈스
2045,351330,이삭엔지니어링
2046,318000,KBG
2047,044060,조광ILI
2048,452300,캡스톤파트너스
2049,277410,인산가
2050,321260,프로이천
2051,050960,수산아이앤티
2052,377330,이지트로닉스
2053,148930,에이치와이티씨
2054,099220,SDN
2055,189690,포시에스
2056,080580,오킨스전자
2057,060540,에스에이티
2058,122690,서진오토모티브
2059,227610,아우딘퓨쳐스
2060,354200,엔젠바이오
2061,258830,세종메디칼
2062,304840,피플바이오
2063,078590,휴림에이텍
2064,025440,DH오토웨어
2065,067170,오텍
2066,285800,진영
2067,032940,원익
2068,277070,린드먼아시아
2069,189330,씨이랩
2070,123570,이엠넷
2071,142760,비엘
2072,318010,팜스빌
2073,066360,체리부로
2074,023460,CNH
2075,001840,이화공영
2076,042500,링네트
2077,067920,이글루
2078,018700,바른손
2079,072470,우리산업홀딩스
2080,115310,인포바인
2081,066900,디에이피
2082,448710,코츠테크놀로지
2083,037350,성도이엔지
2084,137080,나래나노텍
2085,053350,이니텍
2086,088130,동아엘텍
2087,175140,인포마크
2088,016600,큐캐피탈
2089,185490,아이진
2090,168330,내츄럴엔도텍
2091,097780,에코볼트
2092,047770,코데즈컴바인
2093,359090,씨엔알리서치
2094,004780,대륙제관
2095,270870,뉴트리
2096,019990,에너토크
2097,246960,이노테라피
2098,067390,아스트
2099,047080,한빛소프트
2100,363250,진시스템
2101,393210,토마토시스템
2102,016250,SGC이테크건설
2103,133750,메가엠디
2104,064520,테크엘
2105,222110,팬젠
2106,031860,에스유홀딩스
2107,307870,비투엔
2108,059270,해성티피씨
2109,127120,디엔에이링크
2110,034940,조아제약
2111,084180,수성샐바시온
2112,039020,이건홀딩스
2113,008830,대동기어
2114,221800,유투바이오
2115,227950,엔투텍
2116,022220,TKG애강
2117,049830,승일
2118,039420,케이엘넷
2119,056700,신화인터텍
2120,288330,브릿지바이오테라퓨틱스
2121,263540,어스앤에어로스페이스
2122,247660,나노씨엠에스
2123,351320,에스에이티이엔지
2124,212560,네오오토
2125,009620,삼보산업
2126,032680,소프트센
2127,037230,한국팩키지
2128,040350,큐로컴
2129,053620,태양
2130,204020,그리티
2131,256150,한독크린텍
2132,014190,원익큐브
2133,052900,KX하이텍
2134,254120,자비스
2135,065370,위세아이텍
2136,075970,동국알앤에스
2137,068330,일신바이오
2138,357880,비트나인
2139,007720,대명소노시즌
2140,139050,시티랩스
2141,126640,화신정공
2142,299170,더블유에스아이
2143,104200,NHN벅스
2144,094970,제이엠티
2145,083550,케이엠
2146,419120,산돌
2147,291650,압타머사이언스
2148,052670,제일바이오
2149,056360,코위버
2150,038060,루멘스
2151,279600,미디어젠
2152,237820,플레이디
2153,003310,대주산업
2154,083660,CSA 코스믹
2155,004590,한국가구
2156,099390,브레인즈컴퍼니
2157,072990,에이치시티
2158,056730,CNT85
2159,131100,티엔엔터테인먼트
2160,286750,나노브릭
2161,267790,배럴
2162,073110,엘엠에스
2163,110020,전진바이오팜
2164,037030,파워넷
2165,208640,썸에이지
2166,169330,엠브레인
2167,417180,핑거스토리
2168,064090,웨스트라이즈
2169,051380,피씨디렉트
2170,900310,컬러레이
2171,376290,씨유테크
2172,311390,네오크레마
2173,299660,셀리드
2174,052600,한네트
2175,099520,ITX-AI
2176,200780,비씨월드제약
2177,033200,모아텍
2178,406820,뷰티스킨
2179,332290,누보
2180,046940,우원개발
2181,010280,쌍용정보통신
2182,039610,화성밸브
2183,036170,클라우드에어
2184,109080,옵티시스
2185,276730,제주맥주
2186,062860,티엘아이
2187,222160,바이옵트로
2188,312610,에이에프더블류
2189,101390,아이엠
2190,273060,와이즈버즈
2191,196450,코아시아씨엠
2192,290380,대유
2193,199730,바이오인프라
2194,100660,서암기계공업
2195,065060,지엔코
2196,007770,한일화학
2197,307280,원바이오젠
2198,263920,휴엠앤씨
2199,368970,오에스피
2200,140520,대창스틸
2201,335810,프리시젼바이오
2202,023770,플레이위드
2203,220180,핸디소프트
2204,052460,아이크래프트
2205,331520,밸로프
2206,298060,에스씨엠생명과학
2207,031510,오스템
2208,147760,피엠티
2209,032790,엠젠솔루션
2210,262840,아이퀘스트
2211,028080,휴맥스홀딩스
2212,246690,TS인베스트먼트
2213,429270,시지트로닉스
2214,238120,얼라인드
2215,340440,세림B&G
2216,198440,고려시멘트
2217,050860,아세아텍
2218,012340,뉴인텍
2219,080520,오디텍
2220,014970,삼륭물산
2221,096610,알에프세미
2222,181340,이즈미디어
2223,290520,신도기연
2224,024830,세원물산
2225,109960,에이프로젠 H&G
2226,007530,와이엠
2227,197140,디지캡
2228,054540,삼영엠텍
2229,006050,국영지앤엠
2230,040610,SG&G
2231,297570,알로이스
2232,033560,블루콤
2233,069410,엔텔스
2234,045060,오공
2235,303030,지니틱스
2236,049630,재영솔루텍
2237,137940,넥스트아이
2238,052300,씨티프라퍼티
2239,024120,KB오토시스
2240,317240,TS트릴리온
2241,057540,옴니시스템
2242,263810,상신전자
2243,053590,한국테크놀로지
2244,038620,위즈코프
2245,146060,율촌
2246,290120,대유에이피
2247,080010,이상네트웍스
2248,228340,동양파일
2249,032580,피델릭스
2250,208340,파멥신
2251,065650,메디프론
2252,318410,비비씨
2253,153490,우리이앤엘
2254,019540,일지테크
2255,100030,인지소프트
2256,139670,키네마스터
2257,037760,쎄니트
2258,177830,파버나인
2259,090150,아이윈
2260,030350,드래곤플라이
2261,226360,KH 건설
2262,114450,그린생명과학
2263,008370,원풍
2264,038950,파인디지털
2265,204630,스튜디오산타클로스
2266,221840,하이즈항공
2267,046310,백금T&A
2268,208710,바이오로그디바이스
2269,021880,메이슨캐피탈
2270,024840,KBI메탈
2271,031310,아이즈비전
2272,419540,비스토스
2273,035620,바른손이앤에이
2274,048770,TPC
2275,065440,이루온
2276,036690,코맥스
2277,002290,삼일기업공사
2278,232830,시큐센
2279,087600,픽셀플러스
2280,289010,아이스크림에듀
2281,019770,서연탑메탈
2282,115610,이미지스
2283,089150,케이씨티
2284,013810,스페코
2285,203450,유니온커뮤니티
2286,123010,아이윈플러스
2287,221980,케이디켐
2288,138070,신진에스엠
2289,115180,큐리언트
2290,391060,엔에이치스팩20호
2291,052860,아이앤씨
2292,045520,크린앤사이언스
2293,054300,팬스타엔터프라이즈
2294,065170,비엘팜텍
2295,089140,넥스턴바이오
2296,043340,에쎈테크
2297,900110,이스트아시아홀딩스
2298,153460,네이블
2299,195500,마니커에프앤지
2300,032960,동일기연
2301,005670,푸드웰
2302,021650,한국큐빅
2303,085910,네오티스
2304,101240,씨큐브
2305,039010,현대에이치티
2306,192390,윈하이텍
2307,219550,디와이디
2308,018680,서울제약
2309,051780,큐로홀딩스
2310,020180,대신정보통신
2311,193250,와이제이엠게임즈
2312,291810,핀텔
2313,222980,한국맥널티
2314,060240,룽투코리아
2315,210120,빅텐츠
2316,130500,GH신소재
2317,032750,삼진
2318,131220,대한과학
2319,214870,뉴지랩파마
2320,245620,EDGC
2321,032980,바이온
2322,036180,지더블유바이텍
2323,067010,이씨에스
2324,290560,신시웨이
2325,083640,인콘
2326,037400,우리엔터프라이즈
2327,079970,투비소프트
2328,129890,앱코
2329,123840,한일진공
2330,328380,솔트웨어
2331,372800,아이티아이즈
2332,317120,라닉스
2333,042940,상지카일룸
2334,045510,정원엔시스
2335,198080,엔피디
2336,131090,시큐브
2337,039980,리노스
2338,448740,삼성스팩8호
2339,114630,폴라리스우노
2340,123750,알톤스포츠
2341,263020,디케이앤디
2342,246250,에스엘에스바이오
2343,356890,싸이버원
2344,189860,서전기전
2345,192410,휴림네트웍스
2346,127710,아시아경제
2347,052770,아이톡시
2348,016100,리더스코스메틱
2349,141020,디에스앤엘
2350,036480,대성미생물
2351,051390,YW
2352,187660,에이디엠코리아
2353,121850,코이즈
2354,079170,한창산업
2355,021040,대호특수강
2356,089530,에이티세미콘
2357,332370,아이디피
2358,017510,세명전기
2359,006920,모헨즈
2360,054090,삼진엘앤디
2361,290660,네오펙트
2362,353190,휴럼
2363,238200,비피도
2364,119500,포메탈
2365,091970,나노캠텍
2366,187270,신화콘텍
2367,039310,세중
2368,320000,윈텍
2369,215790,이노인스트루먼트
2370,082660,코스나인
2371,017000,신원종합개발
2372,313760,윌링스
2373,115480,씨유메디칼
2374,435620,하나금융25호스팩
2375,001810,무림SP
2376,080530,코디
2377,148780,비플라이소프트
2378,025880,케이씨피드
2379,131760,파인텍
2380,352940,인바이오
2381,036000,예림당
2382,045300,성우테크론
2383,092600,앤씨앤
2384,001000,신라섬유
2385,050120,ES큐브
2386,187790,나노
2387,008470,부스타
2388,143540,영우디에스피
2389,138360,협진
2390,075130,플랜티넷
2391,060900,DGP
2392,043710,서울리거
2393,184230,SGA솔루션즈
2394,044480,블레이드 Ent
2395,060380,동양에스텍
2396,101000,상상인인더스트리
2397,094860,네오리진
2398,016920,카스
2399,065500,오리엔트정공
2400,049120,파인디앤씨
2401,331380,포커스에이치엔에스
2402,208350,지란지교시큐리티
2403,252500,세화피앤씨
2404,012620,원일특강
2405,113810,디젠스
2406,080720,한국유니온제약
2407,089230,THE E&M
2408,076610,해성옵틱스
2409,290270,휴네시온
2410,045340,토탈소프트
2411,258790,소프트캠프
2412,002680,한탑
2413,104040,대성파인텍
2414,086060,진바이오텍
2415,016670,디모아
2416,237750,피앤씨테크
2417,900340,윙입푸드
2418,093380,풍강
2419,190650,코리아에셋투자증권
2420,059100,아이컴포넌트
2421,072950,빛샘전자
2422,014100,메디앙스
2423,043590,웰킵스하이텍
2424,026040,제이에스티나
2425,054180,메디콕스
2426,227100,에이치앤비디자인
2427,067730,로지시스
2428,018620,우진비앤지
2429,101400,엔시트론
2430,303360,프로티아
2431,318160,셀바이오휴먼텍
2432,080470,성창오토텍
2433,071850,캐스텍코리아
2434,095910,에스에너지
2435,050760,에스폴리텍
2436,079190,케스피온
2437,048830,엔피케이
2438,131180,딜리
2439,079000,와토스코리아
2440,035460,기산텔레콤
2441,083470,이엠앤아이
2442,117670,알파홀딩스
2443,065570,삼영이엔씨
2444,032080,아즈텍WB
2445,032800,판타지오
2446,111870,KH 전자
2447,380540,옵티코어
2448,310870,디와이씨
2449,296640,이노룰스
2450,033050,제이엠아이
2451,148250,알엔투테크놀로지
2452,048470,대동스틸
2453,035200,프럼파스트
2454,452980,신한제11호스팩
2455,154040,다산솔루에타
2456,049470,SGA
2457,060260,뉴보텍
2458,084440,유비온
2459,215480,토박스코리아
2460,081580,성우전자
2461,038340,MIT
2462,439250,삼성스팩7호
2463,065150,DSEN
2464,225590,패션플랫폼
2465,085810,알티캐스트
2466,217620,디딤이앤에프
2467,308100,까스텔바작
2468,044780,에이치케이
2469,063760,이엘피
2470,091340,S&K폴리텍
2471,154030,아시아종묘
2472,043090,엑서지21
2473,058530,파나케이아
2474,317530,캐리소프트
2475,066430,와이오엠
2476,053060,세동
2477,073190,듀오백
2478,344860,이노진
2479,333050,모코엠시스
2480,079650,서산
2481,321820,와이더플래닛
2482,188260,세니젠
2483,275630,에스에스알
2484,038530,케이바이오
2485,032280,삼일
2486,179530,애드바이오텍
2487,008290,원풍물산
2488,025870,신라에스지
2489,019660,글로본
2490,900300,오가닉티코스메틱
2491,099410,동방선기
2492,039740,한국정보공학
2493,331920,셀레믹스
2494,043100,솔고바이오
2495,027040,서울전자통신
2496,068940,셀피글로벌
2497,900070,글로벌에스엠
2498,035290,골드앤에스
2499,130740,티피씨글로벌
2500,043200,파루
2501,365900,브이씨
2502,054940,엑사이엔씨
2503,103230,에스앤더블류
2504,424760,벨로크
2505,060480,국일신동
2506,054220,비츠로시스
2507,073540,에프알텍
2508,230980,비유테크놀러지
2509,019570,리더스 기술투자
2510,215380,우정바이오
2511,451700,엔에이치스팩29호
2512,054410,케이피티유
2513,098660,에스티오
2514,148140,비디아이
2515,225430,케이엠제약
2516,219750,지티지웰니스
2517,223310,커머스마이너
2518,196700,웹스
2519,900260,로스웰
2520,017250,인터엠
2521,106240,파인테크닉스
2522,335870,윙스풋
2523,361670,삼영에스앤씨
2524,224060,더코디
2525,377460,위니아에이드
2526,347700,라이프시맨틱스
2527,043360,디지아이
2528,299910,베스파
2529,079950,인베니아
2530,159910,스킨앤스킨
2531,020400,대동금속
2532,208860,엔지스테크널러지
2533,114120,크루셜텍
2534,033790,스카이문스테크놀로지
2535,115570,스타플렉스
2536,134060,이퓨쳐
2537,058450,엔터파트너즈
2538,250930,예선테크
2539,026910,광진실업
2540,123330,제닉
2541,121890,에스디시스템
2542,464680,KB제27호스팩
2543,191410,육일씨엔에쓰
2544,065770,CS
2545,070590,한솔인티큐브
2546,244460,올리패스
2547,011080,형지I&C
2548,067770,세진티에스
2549,070300,엑스큐어
2550,115530,씨엔플러스
2551,214310,에스엘에너지
2552,900120,씨엑스아이
2553,023790,동일철강
2554,065690,파커스
2555,177350,베셀
2556,072520,제넨바이오
2557,450410,엔에이치스팩28호
2558,050090,비케이홀딩스
2559,468510,삼성스팩9호
2560,065420,에스아이리소스
2561,062970,피피아이
2562,101680,한국정밀기계
2563,071460,위니아
2564,069330,유아이디
2565,054630,에이디칩스
2566,096870,엘디티
2567,044180,KD
2568,449020,유안타제13호스팩
2569,078860,아이오케이
2570,404950,DB금융스팩10호
2571,457630,대신밸런스제16호스팩
2572,439410,엔에이치스팩26호
2573,900280,골든센츄리
2574,900270,헝셩그룹
2575,069140,누리플랜
2576,466910,엔에이치스팩30호
2577,430230,하나금융24호스팩
2578,106520,노블엠앤비
2579,440820,엔에이치스팩27호
2580,424140,케이비제21호스팩
2581,406760,하나금융21호스팩
2582,393360,신한제8호스팩
2583,217480,에스디생명공학
2584,422040,엔에이치스팩23호
2585,427950,하나금융23호스팩
2586,412930,미래에셋비전스팩1호
2587,413630,유진스팩8호
2588,457390,대신밸런스제15호스팩
2589,454750,하나28호스팩
2590,430220,신영스팩8호
2591,442310,대신밸런스제14호스팩
2592,03481K,해성산업1우
2593,372290,하나머스트7호스팩
2594,438220,대신밸런스제13호스팩
2595,421800,교보12호스팩
2596,436610,한국제11호스팩
2597,425290,삼성스팩6호
2598,418170,하나금융22호스팩
2599,446750,하나26호스팩
2600,388800,유진스팩7호
2601,426550,IBKS제19호스팩
2602,430460,한화플러스제3호스팩
2603,446840,키움제8호스팩
2604,046070,코다코
2605,397880,교보11호스팩
2606,174880,장원테크
2607,435380,유안타제10호스팩
2608,436530,케이비제22호스팩
2609,448370,하나27호스팩
2610,445970,신영스팩9호
2611,456440,DB금융스팩11호
2612,458320,KB제26호스팩
2613,415580,상상인제3호스팩
2614,430700,유안타제9호스팩
2615,377400,하이제6호스팩
2616,454640,하나29호스팩
2617,405640,신한제9호스팩
2618,058220,아리온
2619,400840,하이제7호스팩
2620,444920,유안타제11호스팩
2621,419270,신영스팩7호
2622,437780,엔에이치스팩24호
2623,446190,미래에셋비전스팩2호
2624,455910,에스케이증권제9호스팩
2625,450050,하이제8호스팩
2626,452670,상상인제4호스팩
2627,455310,한화플러스제4호스팩
2628,439730,IBKS제20호스팩
2629,448830,미래에셋비전스팩3호
2630,380320,삼성머스트스팩5호
2631,446150,유안타제12호스팩
2632,448760,IBKS제22호스팩
2633,442770,IBKS제21호스팩
2634,450940,유안타제14호스팩
2635,445360,비엔케이제1호스팩
2636,455250,KB제25호스팩
2637,464440,한국제13호스팩
2638,458610,한국제12호스팩
2639,456490,교보14호스팩
2640,161570,THE MIDONG
2641,462020,에이치엠씨제6호스팩
2642,386580,한화플러스제2호스팩
2643,433530,키움제7호스팩
2644,440790,교보13호스팩
2645,435870,에스케이증권제8호스팩
2646,377630,삼성스팩4호
2647,418210,신한제10호스팩
2648,442130,유진스팩9호
2649,465320,교보15호스팩
2650,438580,엔에이치스팩25호
2651,413600,키움제6호스팩
2652,457940,에스케이증권제10호스팩
2653,373340,유진스팩6호
2654,032685,소프트센우
2655,021045,대호특수강우
